CP,Colonia,RACH-F,RAN-F,RAT-F,RDV-F,RCV-F,RACH-S,RAN-S,RAT-S,RDV-S,RCV-S,Fecha
37549,10 de Mayo,0,0,0,0,0,0,0,0,0,0,1/2025
37277,27 de Septiembre,0,0,0,0,0,0,0,0,0,0,1/2025
37207,8 de Marzo,0,0,0,0,0,0,0,0,0,0,1/2025
37020,Acrópolis,0,0,0,0,0,0,0,0,0,0,1/2025
37209,Adquirientes de Ibarrilla,0,0,0,0,0,0,0,0,0,0,1/2025
37297,Agua Azul,0,0,0,0,0,0,0,0,0,0,1/2025
37109,Alameda de La Presa,0,0,0,0,0,0,0,0,0,0,1/2025
37204,Alameda Diamante,0,0,0,0,0,0,0,0,0,0,1/2025
37204,Alamedas de Alcázar,0,0,0,0,0,0,0,0,0,0,1/2025
37547,Alamedas de Barceló,0,0,0,0,0,0,0,0,0,0,1/2025
37204,Alamedas de España,0,0,0,0,0,0,0,0,0,0,1/2025
37204,Alamedas de Villafranca Residencial,0,0,0,0,0,0,0,0,0,0,1/2025
37683,Albarradones,0,0,0,0,0,0,0,0,0,0,1/2025
37290,Albazul Residencial,0,0,0,0,0,0,0,0,0,0,1/2025
37299,Aldaba,0,0,0,0,0,0,0,0,0,0,1/2025
37233,Alfaro,0,0,0,0,0,0,0,0,0,0,1/2025
37209,Altavista,0,0,0,0,0,0,0,0,0,0,1/2025
37680,Álvaro Obregón (Santa Ana del Conde),0,0,0,0,0,0,0,0,0,0,1/2025
37235,Amberes Residencial,0,0,0,0,0,0,0,0,0,0,1/2025
37660,Ampliación Latinoamericana,0,0,0,0,0,0,0,0,0,0,1/2025
37235,Ampliación León I,0,0,0,0,0,0,0,0,0,0,1/2025
37689,Ampliación Providencia,0,0,0,0,2,0,0,0,0,0,1/2025
37295,Ampliación San Francisco,0,0,0,0,0,0,0,0,0,0,1/2025
37020,Andrade,0,0,0,0,0,0,0,0,0,0,1/2025
37238,Ángeles y Medina,0,2,0,0,2,0,0,0,0,0,1/2025
37207,Antenas de Arriba,0,0,0,0,0,0,0,0,0,0,1/2025
37289,Anturios,0,0,0,0,0,0,0,0,0,0,1/2025
37210,Arancia,0,0,0,0,0,0,0,0,0,0,1/2025
37360,Arbide,2,0,0,0,2,0,0,0,0,0,1/2025
37548,Arboleda del Refugio,0,0,0,0,0,0,0,0,0,0,1/2025
37549,Arboleda San Hilarión,0,0,0,0,0,0,0,0,0,0,1/2025
37545,Arboleda San José,0,0,0,0,0,0,0,0,0,0,1/2025
37200,Arboledas de Ibarrilla,0,0,0,0,0,0,0,0,0,0,1/2025
37207,Arboledas de La Luz,0,0,0,0,0,0,0,0,0,0,1/2025
37207,Arboledas de la Selva,0,0,0,0,0,0,0,0,0,0,1/2025
37109,Arboledas de Los Castillos I,0,0,0,0,0,0,0,0,0,0,1/2025
37209,Arboledas de los Castillos II,0,0,0,0,0,0,0,0,0,0,1/2025
37685,Arboledas de los López Primera Sección,0,0,0,0,0,0,0,0,0,0,1/2025
37280,Arboledas de San Pedro,0,0,0,0,0,0,0,0,0,0,1/2025
37205,Arboledas de Señora,0,2,0,0,4,0,0,0,0,0,1/2025
37544,Arboledas del Campo,0,0,0,0,0,0,0,0,0,0,1/2025
37200,Arboledas del Valle,0,0,0,0,0,0,0,0,0,0,1/2025
37468,Arcoiris,0,0,0,0,0,0,0,0,0,0,1/2025
37170,Arcos Antiqua,0,0,0,0,0,0,0,0,0,0,1/2025
37669,Arras Residencial,0,0,0,0,0,0,0,0,0,0,1/2025
37438,Arroyo Hondo,0,2,0,0,0,0,0,0,0,0,1/2025
37433,Artículo 4o. Constitucional,0,0,0,0,0,0,0,0,0,0,1/2025
37207,Azahares,0,0,0,0,0,0,0,0,0,0,1/2025
37520,Aztecas,0,0,0,0,0,0,0,0,0,0,1/2025
37545,Azul Maguey,0,0,0,0,0,0,0,0,0,0,1/2025
37685,Bajío de Bolas Blancas,0,0,0,0,0,0,0,0,0,0,1/2025
37408,Balcón de las Hilamas,0,0,0,0,0,0,0,0,0,0,1/2025
37539,Balcones de Jerez,0,0,0,0,0,0,0,0,0,0,1/2025
37358,Balcones de la Fragua,0,0,0,0,0,0,0,0,0,0,1/2025
37355,Balcones de La Joya,0,4,0,0,2,0,0,0,0,0,1/2025
37107,Balcones de la Presa,0,0,0,0,0,0,0,0,0,0,1/2025
37138,Balcones del Campestre,0,0,0,0,0,0,0,0,0,0,1/2025
37109,Balcones Tulipanes,0,0,0,0,0,0,0,0,0,0,1/2025
37698,Barbosa Dos (El Canelo),0,0,0,0,0,0,0,0,0,0,1/2025
37408,Barranca de Venaderos,0,0,0,0,0,0,0,0,0,0,1/2025
37358,Barranca del Refugio,0,0,0,0,0,0,0,0,0,0,1/2025
37687,Barretos,0,0,0,0,0,0,0,0,0,0,1/2025
37268,Belén,0,0,0,0,0,0,0,0,0,0,1/2025
37360,Bellavista,0,0,0,0,0,0,0,0,0,0,1/2025
37236,Benito Juárez,0,0,0,0,0,0,0,0,0,0,1/2025
37434,Betania,0,0,0,0,0,0,0,0,0,0,1/2025
37138,Bosque Azul,0,0,0,0,0,0,0,0,0,0,1/2025
37234,Bosque del Valle,0,0,0,0,0,0,0,0,0,0,1/2025
37295,Bosques (Misael Núñez),0,0,0,0,0,0,0,0,0,0,1/2025
37555,Bosques de La Pradera,0,0,0,0,0,0,0,0,0,0,1/2025
37179,Bosques de La Presa,0,0,0,0,0,0,0,0,0,0,1/2025
37207,Bosques de la Selva,0,0,0,0,0,0,0,0,0,0,1/2025
37170,Bosques de los Cedros,0,0,0,0,0,0,0,0,0,0,1/2025
37210,Bosques de Los Naranjos,0,0,0,0,0,0,0,0,0,0,1/2025
37278,Bosques de Rentería,0,0,0,0,0,0,0,0,0,0,1/2025
37550,Bosques de San Andrés,0,0,0,0,0,0,0,0,0,0,1/2025
37295,Bosques de San Juan,0,0,0,0,0,0,0,0,0,0,1/2025
37125,Bosques del Campestre,0,0,0,0,0,0,0,0,0,0,1/2025
37294,Bosques del Carmen,0,0,0,0,2,0,0,0,0,0,1/2025
37238,Bosques del Pedregal,0,0,0,0,0,0,0,0,0,0,1/2025
37123,Bosques del Refugio,0,0,0,0,0,0,0,0,0,0,1/2025
37550,Bosques del Sur,0,0,0,0,0,0,0,0,0,0,1/2025
37550,Bosques Reales,0,0,0,0,0,0,0,0,0,0,1/2025
37100,Brisas de Echeveste,0,0,0,0,0,0,0,0,0,0,1/2025
37297,Brisas de San Francisco,0,0,0,0,0,0,0,0,0,0,1/2025
37297,Brisas de San Nicolás,4,0,0,0,0,0,0,0,0,0,1/2025
37669,Brisas del Campestre,0,0,0,0,0,0,0,0,0,0,1/2025
37297,Brisas del Campo,0,0,0,0,0,0,0,0,0,0,1/2025
37297,Brisas del Campo II,0,0,0,0,0,0,0,0,0,0,1/2025
37297,Brisas del Carmen,0,0,0,2,0,0,0,0,0,0,1/2025
37207,Brisas del Lago,0,0,0,0,0,0,0,0,0,0,1/2025
37295,Brisas del Pedregal,0,0,0,0,0,0,0,0,0,0,1/2025
37353,Brisas del Sol,0,0,0,0,0,0,0,0,0,0,1/2025
37238,Brisas del Vergel,0,0,0,0,0,0,0,0,0,0,1/2025
37669,Buenaventura,0,0,0,0,0,0,0,0,0,0,1/2025
37420,Buenavista,0,0,0,0,0,0,0,0,0,0,1/2025
37479,Buenos Aires,0,0,0,0,0,0,0,0,0,0,1/2025
37270,Bugambilias,2,2,0,0,2,0,0,0,0,0,1/2025
37294,Cabo Metropolitano,0,0,0,0,0,0,0,0,0,0,1/2025
37680,Camino a los Pirules,0,0,0,0,0,0,0,0,0,0,1/2025
37357,Camino a San Juan,0,0,0,0,0,0,0,0,0,0,1/2025
37538,Campestre de Jerez,0,0,0,0,0,0,0,0,0,0,1/2025
37696,Campestre el Rodeo (Lomas del Rodeo),0,0,0,0,0,0,0,0,0,0,1/2025
37547,Campestre el Trébol,0,0,0,0,0,0,0,0,0,0,1/2025
37539,Campestre Nuevo Jerez,0,0,0,0,0,0,0,0,0,0,1/2025
37683,Campestre Rústico los Sauces,0,0,0,0,0,0,0,0,0,0,1/2025
37295,Campo Fuerte Residencial,0,0,0,0,0,0,0,0,0,0,1/2025
37434,Campo Verde,0,0,0,0,0,0,0,0,0,0,1/2025
37290,Campo Viña,0,0,0,0,0,0,0,0,0,0,1/2025
37238,Cañada de Alfaro,0,4,0,0,2,0,0,0,0,0,1/2025
37538,Cañada de Jerez,0,0,0,0,0,0,0,0,0,0,1/2025
37150,Cañada del Campestre,0,0,0,0,0,0,0,0,0,0,1/2025
37357,Cañada del Real,0,0,0,0,2,0,0,0,0,0,1/2025
37358,Cañada del Refugio,0,2,0,0,2,0,0,0,0,0,1/2025
37358,Cañada Diamante,0,0,0,0,0,0,0,0,0,0,1/2025
37669,Canah,0,0,0,0,0,0,0,0,0,0,1/2025
37668,Candora,0,0,0,0,0,0,0,0,0,0,1/2025
37654,Canelas,0,0,0,0,0,0,0,0,0,0,1/2025
37209,Cañón de La India,0,0,0,0,0,0,0,0,0,0,1/2025
37209,Cantarranas,0,0,0,0,0,0,0,0,0,0,1/2025
37100,Canteritas de Echeveste,0,0,0,0,0,0,0,0,0,0,1/2025
37547,Capellanía,0,0,0,0,0,0,0,0,0,0,1/2025
37685,Capellanía de Loera,0,0,0,0,0,0,0,0,0,0,1/2025
37689,Capellanía de San Sebastián,0,0,0,0,0,0,0,0,0,0,1/2025
37544,Capittala,0,0,0,0,0,0,0,0,0,0,1/2025
37210,Carmena,0,0,0,0,0,0,0,0,0,0,1/2025
37358,Cartagena,0,0,0,0,0,0,0,0,0,0,1/2025
37170,Casa Blanca,0,0,0,0,0,0,0,0,0,0,1/2025
37120,Casa de Piedra,0,2,0,0,0,0,0,0,0,0,1/2025
37545,Castello ll,0,0,0,0,0,0,0,0,0,0,1/2025
37209,Castillos Viejos,0,0,0,0,0,0,0,0,0,0,1/2025
37669,Cataluña,0,0,0,0,0,0,0,0,0,0,1/2025
37557,Caudal del Río,0,0,0,0,0,0,0,0,0,0,1/2025
37560,Cementos,0,0,0,0,0,0,0,0,0,0,1/2025
37490,Central de Abastos,0,0,0,0,0,0,0,0,0,0,1/2025
37000,Centro,2,6,0,0,4,0,0,0,0,0,1/2025
37227,Centro Bodeguero las Trojes,0,2,0,0,0,0,0,0,0,0,1/2025
37564,Centro de Prevención Social,0,0,0,0,0,0,0,0,0,0,1/2025
37357,Centro Familiar La Piedad,0,0,0,0,0,0,0,0,0,0,1/2025
37357,Centro Familiar Soledad,0,0,0,0,0,0,0,0,0,0,1/2025
37353,Cerrito Amarillo,0,0,0,0,0,0,0,0,0,0,1/2025
37353,Cerrito de Guadalupe,0,0,0,0,0,0,0,0,0,0,1/2025
37530,Cerrito de Jerez,0,6,0,0,2,0,0,0,0,0,1/2025
37353,Cerrito de La Joya,0,0,0,0,0,0,0,0,0,0,1/2025
37698,Cerro Alto,0,0,0,0,0,0,0,0,0,0,1/2025
37353,Chalet La Cumbre,0,0,0,0,0,0,0,0,0,0,1/2025
37340,Chapalita,2,0,0,0,0,0,0,0,0,0,1/2025
37427,Chulavista Pro Vivienda Obrera,0,0,0,0,0,0,0,0,0,0,1/2025
37204,Cibeles,0,0,0,0,0,0,0,0,0,0,1/2025
37353,Cima Diamante,0,0,0,0,0,0,0,0,0,0,1/2025
37683,Cipreses,0,0,0,0,0,0,0,0,0,0,1/2025
37110,Ciudad Aurora,0,2,0,0,2,0,0,0,0,0,1/2025
37564,Ciudad Industrial,0,4,0,0,4,0,0,0,0,0,1/2025
37400,Ciudad Satélite,0,2,0,0,2,0,0,0,0,0,1/2025
37299,Club Hípico,0,0,0,0,0,0,0,0,0,0,1/2025
37287,Club Loyola,0,0,0,0,0,0,0,0,0,0,1/2025
37355,Colina de La Hacienda,0,0,0,0,0,0,0,0,0,0,1/2025
37353,Colina Real,0,0,0,0,2,0,0,0,0,0,1/2025
37134,Colinas de Gran Jardín,0,0,0,0,0,0,0,0,0,0,1/2025
37358,Colinas de la Fragua,0,0,0,0,0,0,0,0,0,0,1/2025
37358,Colinas de La Fragua Plus,0,0,0,0,0,0,0,0,0,0,1/2025
37430,Colinas de León,0,0,0,0,0,0,0,0,0,0,1/2025
37210,Colinas de Plata,0,2,0,0,2,0,0,0,0,0,1/2025
37530,Colinas de San Isidro,0,0,0,0,0,0,0,0,0,0,1/2025
37530,Colinas de Santa Julia,0,0,0,0,0,0,0,0,0,0,1/2025
37299,Colinas del Carmen,0,0,0,0,0,0,0,0,0,0,1/2025
37440,Colinas San Francisco,0,0,0,0,0,0,0,0,0,0,1/2025
37353,Complejo La Cima,0,0,0,0,0,0,0,0,0,0,1/2025
37564,Condominio Industrial León,0,0,0,0,0,0,0,0,0,0,1/2025
37570,Conjunto habitacional Cedros,0,0,0,0,0,0,0,0,0,0,1/2025
37295,Conjunto habitacional Hera,0,0,0,0,0,0,0,0,0,0,1/2025
37148,Conjunto habitacional Los Nogales,0,0,0,0,0,0,0,0,0,0,1/2025
37355,Convive,0,0,0,0,0,0,0,0,0,0,1/2025
37669,Cordillera,2,0,0,0,0,0,0,0,0,0,1/2025
37433,Corral de Piedra,0,0,0,0,0,0,0,0,0,0,1/2025
37433,Cortijos de La Gloria,0,0,0,0,0,0,0,0,0,0,1/2025
37134,Country Club Gran Jardín,0,0,0,0,0,0,0,0,0,0,1/2025
37358,Country del Lago,0,0,0,0,0,0,0,0,0,0,1/2025
37294,Cristo Rey,0,0,0,0,0,0,0,0,0,0,1/2025
37357,Cruz de la Soledad,0,0,0,0,0,0,0,0,0,0,1/2025
37673,Cuesta Blanca,0,0,0,0,0,0,0,0,0,0,1/2025
37294,Cuesta del Rocío,0,0,0,0,0,0,0,0,0,0,1/2025
37369,Cumbres de Arbide,0,0,0,0,0,0,0,0,0,0,1/2025
37433,Cumbres de la Gloria,0,0,0,0,0,0,0,0,0,0,1/2025
37416,Cumbres de La Piscina,0,0,0,0,0,0,0,0,0,0,1/2025
37550,Cumbres de la Pradera,0,0,0,0,0,0,0,0,0,0,1/2025
37238,Cumbres de Medina,0,0,0,0,0,0,0,0,0,0,1/2025
37128,Cumbres del Campestre,0,0,0,0,0,0,0,0,0,0,1/2025
37440,Cumbres del Sol,0,0,0,0,0,0,0,0,0,0,1/2025
37358,Danubio Azul,0,0,0,0,0,0,0,0,0,0,1/2025
37683,De los Sauces,0,0,0,0,0,0,0,0,0,0,1/2025
37327,De Santiago,0,0,0,0,2,0,0,0,0,0,1/2025
37416,Del Cosmos (San Bernardo),0,0,0,0,0,0,0,0,0,0,1/2025
37160,Del Rocío,0,0,0,0,0,0,0,0,0,0,1/2025
37549,Delta 2000,0,0,0,0,0,0,0,0,0,0,1/2025
37545,Delta de Jerez,0,0,0,0,0,0,0,0,0,0,1/2025
37318,Desarrollo Baleares,0,0,0,0,0,0,0,0,0,0,1/2025
37296,Desarrollo El Potrero,0,0,0,0,2,0,0,0,0,0,1/2025
37670,Duarte,0,0,0,0,0,0,0,0,0,0,1/2025
37100,Echeveste 2000,0,0,0,0,0,0,0,0,0,0,1/2025
37100,Echeveste Norte,0,0,0,0,0,0,0,0,0,0,1/2025
37490,Ecológico de León (Piel),0,0,0,0,2,0,0,0,0,0,1/2025
37547,El Álamo,4,2,0,0,2,0,0,0,0,0,1/2025
37670,El Alto de las Carreras,0,0,0,0,0,0,0,0,0,0,1/2025
37217,El Árbol,0,0,0,0,0,0,0,0,0,0,1/2025
37357,El Cacerío,0,0,0,0,0,0,0,0,0,0,1/2025
37125,El Campanario,0,0,0,0,0,0,0,0,0,0,1/2025
37698,El Capulín,0,0,0,0,0,0,0,0,0,0,1/2025
37299,El Carmen,0,0,0,0,0,0,0,0,0,0,1/2025
37296,El Carmen (C.T.M.),0,0,0,0,0,0,0,0,0,0,1/2025
37209,El Castillo,0,0,0,0,0,0,0,0,0,0,1/2025
37688,El CERESO,0,0,0,0,0,0,0,0,0,0,1/2025
37209,El Chepinque,0,0,0,0,0,0,0,0,0,0,1/2025
37295,El Cid,0,0,0,0,0,0,0,0,0,0,1/2025
37669,El Cielo Residencial,0,0,0,0,0,0,0,0,0,0,1/2025
37260,El Coecillo,0,2,0,0,6,0,0,0,0,0,1/2025
37218,El Condado Plus,0,0,0,0,0,0,0,0,0,0,1/2025
37207,El Consuelo,0,0,0,0,0,0,0,0,0,0,1/2025
37250,El Cortijo,0,2,0,0,2,0,0,0,0,0,1/2025
37209,El Cuarenteño,0,0,0,0,0,0,0,0,0,0,1/2025
37685,El Cuije,0,0,0,0,0,0,0,0,0,0,1/2025
37650,El Derramadero,0,0,0,0,0,0,0,0,0,0,1/2025
37590,El Dorado,0,2,0,0,0,0,0,0,0,0,1/2025
37590,El Dorado II,0,0,0,0,0,0,0,0,0,0,1/2025
37320,El Duraznal,0,0,0,0,0,0,0,0,0,0,1/2025
37544,El Encanto,0,0,0,0,0,0,0,0,0,0,1/2025
37353,El Faro,2,0,0,0,0,0,0,0,0,0,1/2025
37550,El Granjeno,0,0,0,0,0,0,0,0,0,0,1/2025
37570,El Guajito,0,0,0,0,0,0,0,0,0,0,1/2025
37180,El Juncal,2,0,0,0,0,0,0,0,0,0,1/2025
37210,El Llano Grande,0,0,0,0,0,0,0,0,0,0,1/2025
37249,El Lucero,0,0,0,0,0,0,0,0,0,0,1/2025
37547,El Mayorazgo Residencial,0,0,0,0,0,0,0,0,0,0,1/2025
37156,El Mirador Campestre,2,0,0,0,2,0,0,0,0,0,1/2025
37500,El Mirador Oriental,0,0,0,0,0,0,0,0,0,0,1/2025
37138,El Molino Residencial y Golf,0,0,0,0,0,0,0,0,0,0,1/2025
37664,El Nacimiento,0,0,0,0,0,0,0,0,0,0,1/2025
37353,El Observatorio 2,0,0,0,0,0,0,0,0,0,0,1/2025
37480,El Paisaje,0,0,0,0,0,0,0,0,0,0,1/2025
37100,El Palmar,2,0,0,0,0,0,0,0,0,0,1/2025
37130,El Palote,0,0,0,0,0,0,0,0,0,0,1/2025
37170,El Palote Sur Fracciones,0,0,0,0,0,0,0,0,0,0,1/2025
37109,El Parador,0,0,0,0,0,0,0,0,0,0,1/2025
37353,El Paraíso,0,0,0,0,0,0,0,0,0,0,1/2025
37669,El Pato (Loma del Laurel),0,0,0,0,0,0,0,0,0,0,1/2025
37119,El Peluchan,0,0,0,0,0,0,0,0,0,0,1/2025
37207,El Penitente,0,0,0,0,0,0,0,0,0,0,1/2025
37238,El Peñón,0,0,0,0,0,0,0,0,0,0,1/2025
37690,El Pino (Potrero de la Caja),0,0,0,0,0,0,0,0,0,0,1/2025
37109,El Pochote,0,0,0,0,0,0,0,0,0,0,1/2025
37299,El Porvenir,0,0,0,0,0,0,0,0,0,0,1/2025
37109,El Potrero,0,0,0,0,0,0,0,0,0,0,1/2025
37668,El Progreso,0,0,0,0,0,0,0,0,0,0,1/2025
37157,El Pueblito del Campestre,0,0,0,0,0,0,0,0,0,0,1/2025
37660,El Puente,0,0,0,0,0,0,0,0,0,0,1/2025
37667,El Ramillete,0,0,0,0,0,0,0,0,0,0,1/2025
37433,El Recuerdo,0,0,0,0,0,0,0,0,0,0,1/2025
37270,El Refugio,0,2,0,0,2,0,0,0,0,0,1/2025
37156,El Refugio Campestre,0,2,0,0,0,0,0,0,0,0,1/2025
37355,El Renacimiento,0,0,0,0,0,0,0,0,0,0,1/2025
37685,El Resplandor (El Chorro),0,0,0,0,0,0,0,0,0,0,1/2025
37220,El Retiro,0,2,0,0,0,0,0,0,0,0,1/2025
37125,El Rosario,2,0,0,0,0,0,0,0,0,0,1/2025
37297,El Rotario,0,0,0,0,0,0,0,0,0,0,1/2025
37358,El Rubí,0,0,0,0,0,0,0,0,0,0,1/2025
37428,El Salto,0,0,0,0,0,0,0,0,0,0,1/2025
37698,El Sauco,0,0,0,0,0,0,0,0,0,0,1/2025
37685,El Tajo (Carlos Muñoz Horta),0,0,0,0,0,0,0,0,0,0,1/2025
37100,El Tecotán,0,0,0,0,0,0,0,0,0,0,1/2025
37500,El Tlacuache,0,0,0,0,0,0,0,0,0,0,1/2025
37526,El Tlacuache Ote.,0,0,0,2,0,0,0,0,0,0,1/2025
37687,El Tope de la Sandía,0,0,0,0,0,0,0,0,0,0,1/2025
37547,El Trébol,0,0,0,0,0,0,0,0,0,0,1/2025
37188,El Trianon,0,0,0,0,0,0,0,0,0,0,1/2025
37207,El Valladito,0,0,0,0,0,0,0,0,0,0,1/2025
37207,El Vivero,0,0,0,0,0,0,0,0,0,0,1/2025
37353,El Yacimiento,0,0,0,0,0,0,0,0,0,0,1/2025
37125,Entre dos Aguas,0,0,0,0,0,0,0,0,0,0,1/2025
37207,Ermita de Ibarrilla,0,0,0,0,0,0,0,0,0,0,1/2025
37294,Esmeralda del Bajío,0,0,0,0,0,0,0,0,0,0,1/2025
37330,España,0,0,0,0,0,0,0,0,0,0,1/2025
37266,Españita,0,0,0,0,0,0,0,0,0,0,1/2025
37685,Estación Trinidad,0,0,0,0,0,0,0,0,0,0,1/2025
37357,Estancia de la Joya,0,0,0,0,0,0,0,0,0,0,1/2025
37667,Estancia de los Sapos,0,0,0,0,0,0,0,0,0,0,1/2025
37667,Estancia de Vaqueros,0,0,0,0,0,0,0,0,0,0,1/2025
37266,Estrella,0,0,0,0,0,0,0,0,0,0,1/2025
37260,Ex Hacienda la Morena I,0,0,0,0,0,0,0,0,0,0,1/2025
37260,Ex Hacienda la Morena II,0,0,0,0,0,0,0,0,0,0,1/2025
37288,Eyupol,2,0,0,0,0,0,0,0,0,0,1/2025
37360,Fátima,0,0,0,0,0,0,0,0,0,0,1/2025
37179,Fincas Sayavedra,0,0,0,0,0,0,0,0,0,0,1/2025
37350,Flores Magón,0,0,0,0,0,0,0,0,0,0,1/2025
37189,Ford del Campestre,0,0,0,0,0,0,0,0,0,0,1/2025
37548,Foresta Jardín,0,0,0,0,0,0,0,0,0,0,1/2025
37500,Fracción del Coecillo,0,0,0,0,0,0,0,0,0,0,1/2025
37550,Fracción del Granjeno,0,0,0,0,0,0,0,0,0,0,1/2025
37490,Fraccionamiento Industrial la Pompa,0,0,0,0,0,0,0,0,0,0,1/2025
37208,Fracciones de Echeveste (pro),0,0,0,0,0,0,0,0,0,0,1/2025
37490,Fracciones de Hacienda La Pompa,0,0,0,0,0,0,0,0,0,0,1/2025
37530,Fracciones de Jerez,0,0,0,0,0,0,0,0,0,0,1/2025
37564,Fracciones de los Arcos,0,0,0,0,0,0,0,0,0,0,1/2025
37148,Fracciones de Los Gómez,0,0,0,0,0,0,0,0,0,0,1/2025
37238,Fracciones de Mesa Medina,0,0,0,0,0,0,0,0,0,0,1/2025
37477,Fracciones de San Nicolás,0,0,0,0,0,0,0,0,0,0,1/2025
37566,Fracciones de Santa Lucía,0,0,0,0,0,0,0,0,0,0,1/2025
37287,Fracciones del Crespo,0,0,0,0,0,0,0,0,0,0,1/2025
37438,Fracciones del Guaje,0,0,0,0,0,0,0,0,0,0,1/2025
37170,Fracciones del Palote,0,0,0,0,0,0,0,0,0,0,1/2025
37290,Fracciones del Predio Santa Julia de Jerez,0,2,0,0,0,0,0,0,0,0,1/2025
37125,Fracciones del Rosario,0,0,0,0,0,0,0,0,0,0,1/2025
37289,Fracciones San Pedro,0,0,0,0,0,0,0,0,0,0,1/2025
37020,Francisco Lozornio,0,0,0,0,0,0,0,0,0,0,1/2025
37353,Frutales de la Hacienda,0,0,0,0,0,0,0,0,0,0,1/2025
37295,Fuentes del Valle,0,0,0,0,0,0,0,0,0,0,1/2025
37180,Futurama Monterrey,0,0,0,0,0,0,0,0,0,0,1/2025
37138,Gran Jardín,0,0,0,0,0,0,0,0,0,0,1/2025
37306,Granada,0,0,0,0,0,0,0,0,0,0,1/2025
37289,Granja Ceres,0,0,0,0,0,0,0,0,0,0,1/2025
37685,Granja San Rafael,0,0,0,0,0,0,0,0,0,0,1/2025
37440,Granjas Campestre,2,0,0,0,0,0,0,0,0,0,1/2025
37130,Granjas del Rosario,0,0,0,0,0,0,0,0,0,0,1/2025
37100,Granjas Echeveste,0,0,0,0,0,0,0,0,0,0,1/2025
37683,Granjas Económicas,0,0,0,0,0,0,0,0,0,0,1/2025
37130,Granjas El Palote,0,0,0,0,0,0,0,0,0,0,1/2025
37530,Granjas Jardines de Jerez,0,0,0,0,0,0,0,0,0,0,1/2025
37438,Granjas las Amalias,0,0,0,0,0,0,0,0,0,0,1/2025
37688,Granjas las Palomas,0,0,0,0,0,0,0,0,0,0,1/2025
37544,Granjas San Carlos,0,0,0,0,0,0,0,0,0,0,1/2025
37570,Granjeno Plus (IVEG),0,0,0,0,0,0,0,0,0,0,1/2025
37289,Guadalupe,0,6,0,0,0,0,0,0,0,0,1/2025
37685,Guadalupe Victoria,0,0,0,0,0,0,0,0,0,0,1/2025
37219,Habitacional Coecillo,0,0,0,0,0,0,0,0,0,0,1/2025
37289,Hacienda Bugambilias,0,0,0,0,0,0,0,0,0,0,1/2025
37547,Hacienda de Alba,0,0,0,0,0,0,0,0,0,0,1/2025
37696,Hacienda de Arriba (San José de La Concepción),0,0,0,0,0,0,0,0,0,0,1/2025
37238,Hacienda de Guadalupe,0,0,0,0,0,0,0,0,0,0,1/2025
37238,Hacienda de los Naranjos,0,0,0,0,0,0,0,0,0,0,1/2025
37170,Hacienda del Campestre,0,0,0,0,0,0,0,0,0,0,1/2025
37100,Hacienda Echeveste,2,0,0,0,0,0,0,0,0,0,1/2025
37417,Hacienda las Mandarinas,0,0,0,0,0,0,0,0,0,0,1/2025
37295,Hacienda Los Otates,0,0,0,0,0,0,0,0,0,0,1/2025
37296,Hacienda San Ángel,0,0,0,0,0,0,0,0,0,0,1/2025
37548,Hacienda San José,0,0,0,0,0,0,0,0,0,0,1/2025
37235,Hacienda San Miguel,0,0,0,0,0,0,0,0,0,0,1/2025
37235,Hacienda Santa Catalina,0,0,0,0,0,0,0,0,0,0,1/2025
37296,Hacienda Santa Fe,0,0,0,0,0,0,0,0,0,0,1/2025
37669,Hacienda Valbuena,0,0,0,0,0,0,0,0,0,0,1/2025
37207,Haciendas de Ibarrilla,0,2,0,0,0,0,0,0,0,0,1/2025
37179,Haciendas del Carmen,0,0,0,0,0,0,0,0,0,0,1/2025
37179,Haciendas del Carmen II,0,0,0,0,0,0,0,0,0,0,1/2025
37118,Hernández Rougon,0,0,0,0,0,0,0,0,0,0,1/2025
37190,Héroes de Chapultepec,2,0,0,0,0,0,0,0,0,0,1/2025
37220,Hidalgo,0,0,0,0,0,0,0,0,0,0,1/2025
37204,Hidalgo del Valle,2,0,0,0,0,0,0,0,0,0,1/2025
37358,Horizonte Azul,0,0,0,0,0,0,0,0,0,0,1/2025
37238,Huertas de Medina,0,0,0,0,0,0,0,0,0,0,1/2025
37677,Ibarrilla,0,0,0,0,0,0,0,0,0,0,1/2025
37683,Ignacio Zaragoza,0,0,0,0,0,0,0,0,0,0,1/2025
37380,Independencia,0,0,0,0,0,0,0,0,0,0,1/2025
37225,Independencia Infonavit,0,0,0,0,0,0,0,0,0,0,1/2025
37340,Industrial (Hab.),0,2,0,0,2,0,0,0,0,0,1/2025
37297,Industrial Brisas del Campo,0,0,0,0,0,0,0,0,0,0,1/2025
37200,Industrial del Norte,0,4,0,0,2,0,0,0,0,0,1/2025
37545,Industrial Delta,0,0,0,0,0,0,0,0,0,0,1/2025
37438,Industrial Génesis,0,0,0,2,6,0,0,0,0,0,1/2025
37147,Industrial Hidalgo,0,0,0,0,0,0,0,0,0,0,1/2025
37457,Industrial Juárez,0,0,0,0,0,0,0,0,0,0,1/2025
37290,Industrial Julián de Obregón,0,0,0,0,0,0,0,0,0,0,1/2025
37297,Industrial La Capilla,0,4,0,0,0,0,0,0,0,0,1/2025
37290,Industrial las Cruces,0,0,0,0,0,0,0,0,0,0,1/2025
37438,Industrial Pamplona,0,0,0,0,0,0,0,0,0,0,1/2025
37443,Industrial San Crispín,0,0,0,0,0,0,0,0,0,0,1/2025
37438,Industrial San Jorge,0,0,0,0,0,0,0,0,0,0,1/2025
37439,Industrial Santa CROCCE,0,0,0,0,0,0,0,0,0,0,1/2025
37290,Industrial Santa Julia,0,0,0,0,0,0,0,0,0,0,1/2025
37168,Insurgentes,0,0,0,0,0,0,0,0,0,0,1/2025
37400,Islas de León,0,0,0,0,0,0,0,0,0,0,1/2025
37530,Jaime Nunó,0,0,0,0,0,0,0,0,0,0,1/2025
37538,Jardín Delta,0,0,0,0,0,0,0,0,0,0,1/2025
37548,Jardines de Andalucía,0,0,0,0,0,0,0,0,0,0,1/2025
37100,Jardines de Echeveste,0,0,0,0,0,0,0,0,0,0,1/2025
37530,Jardines de Jerez,0,4,0,0,0,0,0,0,0,0,1/2025
37530,Jardines de Jerez II,0,0,0,0,0,0,0,0,0,0,1/2025
37530,Jardines de Jerez III,0,0,0,0,2,0,0,0,0,0,1/2025
37530,Jardines de la Bufa,0,0,0,0,0,0,0,0,0,0,1/2025
37536,Jardines de La Pradera,0,0,0,0,2,0,0,0,0,0,1/2025
37109,Jardines de la Presa,0,0,0,0,0,0,0,0,0,0,1/2025
37210,Jardines de Los Naranjos,4,2,0,2,8,0,0,0,0,0,1/2025
37294,Jardines de Los Reyes,0,0,0,0,0,0,0,0,0,0,1/2025
37238,Jardines de Maravillas,0,0,0,0,0,0,0,0,0,0,1/2025
37257,Jardines de Oriente,0,0,0,0,0,0,0,0,0,0,1/2025
37230,Jardines de Providencia,0,0,0,0,0,0,0,0,0,0,1/2025
37295,Jardines de San Juan,0,0,0,0,0,0,0,0,0,0,1/2025
37460,Jardínes de San Miguel,0,0,0,0,0,0,0,0,0,0,1/2025
37477,Jardines de San Miguelito,0,0,0,0,0,0,0,0,0,0,1/2025
37288,Jardines de San Pedro,0,0,0,0,0,0,0,0,0,0,1/2025
37459,Jardines de San Sebastián,0,0,0,0,0,0,0,0,0,0,1/2025
37296,Jardines de Santa Fe,0,0,0,0,0,0,0,0,0,0,1/2025
37530,Jardines de Santa Julia,0,0,0,0,2,0,0,0,0,0,1/2025
37544,Jardines de Versalles,2,0,0,0,0,0,0,0,0,0,1/2025
37200,Jardines del Bosque,0,0,0,0,0,0,0,0,0,0,1/2025
37128,Jardines del Campestre,0,0,0,0,0,0,0,0,0,0,1/2025
37160,Jardines del Moral,0,4,0,0,4,0,0,0,0,0,1/2025
37548,Jardines del Río,0,0,0,0,0,0,0,0,0,0,1/2025
37235,Jardines del Sol,0,0,0,0,0,0,0,0,0,0,1/2025
37118,Jardines del Valle,0,0,0,0,0,0,0,0,0,0,1/2025
37238,Jardines Lomas de Medina,0,0,0,0,0,0,0,0,0,0,1/2025
37570,Jesús de Nazaret,0,0,0,0,0,0,0,0,0,0,1/2025
37538,Jesús María,0,0,0,0,0,0,0,0,0,0,1/2025
37296,Jesús María (El Vergel),0,0,0,0,0,0,0,0,0,0,1/2025
37410,John F Kennedy,0,0,0,0,0,0,0,0,0,0,1/2025
37353,Jol-gua-ber,0,2,0,0,2,0,0,0,0,0,1/2025
37260,Josefina,0,0,0,0,0,0,0,0,0,0,1/2025
37355,Joyas de Castilla,0,0,0,0,0,0,0,0,0,0,1/2025
37355,Joyas de Castilla Plus,0,2,0,0,2,0,0,0,0,0,1/2025
37355,Joyas de La Loma,0,0,0,0,0,0,0,0,0,0,1/2025
37399,Juan Valle,0,0,0,0,0,0,0,0,0,0,1/2025
37170,Julián Carrillo,0,0,0,0,0,0,0,0,0,0,1/2025
37669,Katania,0,0,0,0,0,0,0,0,0,0,1/2025
37260,Killian,0,0,0,0,0,0,0,0,0,0,1/2025
37260,Killian II,0,0,0,2,0,0,0,0,0,0,1/2025
37170,La Antiqua,2,0,0,0,0,0,0,0,0,0,1/2025
37687,La Arcina,0,0,0,0,0,0,0,0,0,0,1/2025
37240,La Brisa,0,0,0,0,0,0,0,0,0,0,1/2025
37290,La Campiña,0,0,0,0,0,0,0,0,0,0,1/2025
37690,La Campiña del Bosque,0,0,0,0,0,0,0,0,0,0,1/2025
37665,La Cañada,0,0,0,0,0,0,0,0,0,0,1/2025
37260,La Candelaria,0,0,0,0,0,0,0,0,0,0,1/2025
37178,La Cantera,0,0,0,0,0,0,0,0,0,0,1/2025
37670,La Cantera (Ejido Duarte),0,0,0,0,0,0,0,0,0,0,1/2025
37233,La Capilla de Alfaro,0,0,0,0,0,0,0,0,0,0,1/2025
37250,La Carmona,0,2,0,0,2,0,0,0,0,0,1/2025
37683,La Cieneguita,2,0,0,0,0,0,0,0,0,0,1/2025
37207,La Cima de León,0,0,0,0,0,0,0,0,0,0,1/2025
37687,La Cinta,0,0,0,0,0,0,0,0,0,0,1/2025
37440,La Condesa,0,0,0,0,0,0,0,0,0,0,1/2025
37688,La Correa (San Antonio del Monte),0,0,0,0,0,0,0,0,0,0,1/2025
37358,La Ermita,0,2,0,0,2,0,0,0,0,0,1/2025
37470,La Escondida,0,2,0,0,2,0,0,0,0,0,1/2025
37660,La Esmeralda,0,0,0,0,0,0,0,0,0,0,1/2025
37179,La Esperanza,0,0,0,0,0,0,0,0,0,0,1/2025
37233,La Esperanza de Alfaro,0,0,0,0,0,0,0,0,0,0,1/2025
37538,La Esperanza de Jerez,0,0,0,0,0,0,0,0,0,0,1/2025
37687,La Estancia de la Sandía,0,0,0,0,0,0,0,0,0,0,1/2025
37670,La Falda del Picacho (El Arroyo de la Mora),0,0,0,0,0,0,0,0,0,0,1/2025
37470,La Floresta,0,0,0,0,0,0,0,0,0,0,1/2025
37190,La Florida,2,0,0,0,0,0,0,0,0,0,1/2025
37669,La Foresta,0,0,0,0,0,0,0,0,0,0,1/2025
37357,La Fragua,0,0,0,0,0,0,0,0,0,0,1/2025
37549,La Gloria,0,0,0,0,0,0,0,0,0,0,1/2025
37178,La Hacienda,0,0,0,0,0,0,0,0,0,0,1/2025
37295,La Hacienda de León Residencial y Golf,0,0,0,0,0,0,0,0,0,0,1/2025
37289,La Haciendita,0,0,0,0,0,0,0,0,0,0,1/2025
37170,La Herradura,0,2,0,0,2,0,0,0,0,0,1/2025
37685,La Huaracha,0,0,0,0,0,0,0,0,0,0,1/2025
37209,La India,0,0,0,0,0,0,0,0,0,0,1/2025
37358,La Joya,4,4,0,0,2,0,0,0,0,0,1/2025
37670,La Laborcita,2,0,0,0,0,0,0,0,0,0,1/2025
37106,La Lagunita,0,0,0,0,0,0,0,0,0,0,1/2025
37664,La Loma,0,0,0,0,0,0,0,0,0,0,1/2025
37209,La Lomita,0,0,0,0,0,0,0,0,0,0,1/2025
37434,La Lucita,0,0,0,0,0,0,0,0,0,0,1/2025
37458,La Luz,0,2,0,0,2,0,0,0,0,0,1/2025
37683,La Luz (El Copete),0,0,0,0,0,0,0,0,0,0,1/2025
37180,La Margarita,0,0,0,0,0,0,0,0,0,0,1/2025
37100,La Marina,0,0,0,0,0,0,0,0,0,0,1/2025
37359,La Marquesa,0,0,0,0,0,0,0,0,0,0,1/2025
37500,La Martinica,0,0,0,0,0,0,0,0,0,0,1/2025
37120,La Medalla,0,0,0,0,0,0,0,0,0,0,1/2025
37364,La Merced (Ramírez García),0,0,0,0,0,0,0,0,0,0,1/2025
37664,La Mora,0,0,0,0,0,0,0,0,0,0,1/2025
37267,La Mora (cruz de Cantera),0,0,0,0,0,0,0,0,0,0,1/2025
37664,La Mora Alta,0,0,0,0,0,0,0,0,0,0,1/2025
37570,La Moreña,0,0,0,0,2,0,0,0,0,0,1/2025
37207,La Nopalera,0,0,0,0,0,0,0,0,0,0,1/2025
37109,La Noria,0,0,0,0,0,0,0,0,0,0,1/2025
37358,La Nueva Ermita,0,0,0,0,0,0,0,0,0,0,1/2025
37667,La Nueva Estancia (La Floreña),0,0,0,0,0,0,0,0,0,0,1/2025
37359,La Ordeña,0,0,0,0,0,0,0,0,0,0,1/2025
37696,La Patiña,0,0,0,0,0,0,0,0,0,0,1/2025
37288,La Pechuga,0,0,0,0,0,0,0,0,0,0,1/2025
37207,La Pera,0,0,0,0,0,0,0,0,0,0,1/2025
37355,La Perlita,0,0,0,0,0,0,0,0,0,0,1/2025
37414,La Piedrera,0,0,0,0,0,0,0,0,0,0,1/2025
37235,La Pirámide,0,0,0,0,0,0,0,0,0,0,1/2025
37440,La Piscina,0,0,0,0,0,0,0,0,0,0,1/2025
37444,La Piscina CTM,0,0,0,0,0,0,0,0,0,0,1/2025
37179,La Placita,0,0,0,0,0,0,0,0,0,0,1/2025
37109,La Pradera,0,0,0,0,0,0,0,0,0,0,1/2025
37358,La Presa de la Joya,0,0,0,0,0,0,0,0,0,0,1/2025
37673,La Providencia,0,0,0,0,0,0,0,0,0,0,1/2025
37178,La Puerta de Hierro,0,0,0,0,0,0,0,0,0,0,1/2025
37669,La Querencia,0,0,0,0,0,0,0,0,0,0,1/2025
37538,La Raza,0,0,0,0,0,0,0,0,0,0,1/2025
37665,La Reserva,0,0,0,0,0,0,0,0,0,0,1/2025
37547,La Rosa Amarilla,0,0,0,0,0,0,0,0,0,0,1/2025
37207,La Santa Cruz,0,0,0,0,0,0,0,0,0,0,1/2025
37687,La Sardina,0,0,0,0,0,0,0,0,0,0,1/2025
37207,La Selva,0,0,0,0,0,0,0,0,0,0,1/2025
37664,La Soledad,0,0,0,0,0,0,0,0,0,0,1/2025
37294,La Tinaja,0,0,0,0,0,0,0,0,0,0,1/2025
37693,La Valenciana,0,0,0,0,0,0,0,0,0,0,1/2025
37664,La Venta,0,0,0,0,0,0,0,0,0,0,1/2025
37290,La Vigatta,0,0,0,0,0,0,0,0,0,0,1/2025
37140,La Virgen,0,0,0,0,0,0,0,0,0,0,1/2025
37536,La Yesca,2,0,0,0,2,0,0,0,0,0,1/2025
37539,Ladera de Jerez,0,0,0,0,0,0,0,0,0,0,1/2025
37207,Laderas de Ibarrilla,0,0,0,0,0,0,0,0,0,0,1/2025
37680,Ladrilleras del Refugio,0,0,0,0,0,0,0,0,0,0,1/2025
37238,Lagos de Medina,0,0,0,0,0,0,0,0,0,0,1/2025
37125,Lagos del Campestre,0,0,0,0,0,0,0,0,0,0,1/2025
37669,Lagunillas,0,0,0,0,0,0,0,0,0,0,1/2025
37118,Las Águilas,0,0,0,0,0,0,0,0,0,0,1/2025
37179,Las Alamedas,0,0,0,0,0,0,0,0,0,0,1/2025
37390,Las Américas,0,0,0,0,0,0,0,0,0,0,1/2025
37480,Las Arboledas,0,0,0,0,0,0,0,0,0,0,1/2025
37107,Las Arrayanes II,0,0,0,0,0,0,0,0,0,0,1/2025
37358,Las Camelinas,0,0,0,0,0,0,0,0,0,0,1/2025
37689,Las Cinco Llagas,0,0,0,0,0,0,0,0,0,0,1/2025
37673,Las Coloradas,0,0,0,0,0,0,0,0,0,0,1/2025
37670,Las Delgadas Cinco (Ejido Duarte),0,0,0,0,0,0,0,0,0,0,1/2025
37290,Las Flores,0,0,0,0,0,0,0,0,0,0,1/2025
37270,Las Fuentes,0,0,0,0,0,0,0,0,0,0,1/2025
37278,Las Fuentes de San Pedro,0,0,0,0,0,0,0,0,0,0,1/2025
37276,Las Glorias,0,0,0,0,0,0,0,0,0,0,1/2025
37407,Las Hilamas,0,2,0,0,0,0,0,0,0,0,1/2025
37430,Las Huertas,0,0,0,0,0,0,0,0,0,0,1/2025
37696,Las Ladrilleras,0,0,0,0,0,0,0,0,0,0,1/2025
37419,Las Mandarinas,0,0,0,0,0,0,0,0,0,0,1/2025
37179,Las Mansiones Residencial,0,0,0,0,0,0,0,0,0,0,1/2025
37468,Las Margaritas,0,0,0,0,0,0,0,0,0,0,1/2025
37425,Las Palmas,0,0,0,0,0,0,0,0,0,0,1/2025
37683,Las Palomas,0,0,0,0,0,0,0,0,0,0,1/2025
37207,Las Presitas,0,0,0,0,0,0,0,0,0,0,1/2025
37207,Las Presitas del Consuelo,0,0,0,0,0,0,0,0,0,0,1/2025
37207,Las Presitas II,0,0,0,0,0,0,0,0,0,0,1/2025
37125,Las Quintas,0,0,0,0,0,0,0,0,0,0,1/2025
37279,Las Rosas,0,0,0,0,0,0,0,0,0,0,1/2025
37557,Las Sendas,0,0,0,0,0,0,0,0,0,0,1/2025
37667,Las Tablas de Santa Rosa (Ignacio González),0,0,0,0,0,0,0,0,0,0,1/2025
37109,Las Tiritas,0,0,0,0,0,0,0,0,0,0,1/2025
37697,Las Toronjas,0,0,0,0,0,0,0,0,0,0,1/2025
37355,Las Torres,0,0,0,0,0,0,0,0,0,0,1/2025
37204,Las Torres de Santa Rosa,0,0,0,0,0,0,0,0,0,0,1/2025
37227,Las Trojes,0,6,0,0,2,0,0,0,0,0,1/2025
37295,Las Villas,0,0,0,0,0,0,0,0,0,0,1/2025
37660,Latinoamericana,0,0,0,0,0,0,0,0,0,0,1/2025
37207,Laureles de La Selva,0,0,0,0,0,0,0,0,0,0,1/2025
37260,Laureles Vallarta,0,0,0,0,0,0,0,0,0,0,1/2025
37235,León I,0,2,0,0,4,0,0,0,0,0,1/2025
37408,León II,2,0,0,0,0,0,0,0,0,0,1/2025
37480,León Moderno,0,8,0,2,2,0,0,0,0,0,1/2025
37548,Libertad,0,0,0,0,2,0,0,0,0,0,1/2025
37230,Linares,0,0,0,0,0,0,0,0,0,0,1/2025
37300,Lindavista,0,0,0,0,0,0,0,0,0,0,1/2025
37420,Loma Bonita,0,2,0,0,2,0,0,0,0,0,1/2025
37683,Loma de los Sauces,0,0,0,0,0,0,0,0,0,0,1/2025
37359,Loma Dorada,0,0,0,0,0,0,0,0,0,0,1/2025
37690,Loma Griega,0,0,0,0,0,0,0,0,0,0,1/2025
37538,Loma Hermosa,0,0,0,0,0,0,0,0,0,0,1/2025
37419,Loma Real,0,0,0,0,0,0,0,0,0,0,1/2025
37295,Loma Verde,0,0,0,0,0,0,0,0,0,0,1/2025
37368,Lomas de Arbide,0,4,0,0,0,0,0,0,0,0,1/2025
37683,Lomas de Comanjilla,0,0,0,0,0,0,0,0,0,0,1/2025
37358,Lomas de Contreras,0,0,0,0,0,0,0,0,0,0,1/2025
37208,Lomas de Echeveste,0,0,0,0,2,0,0,0,0,0,1/2025
37134,Lomas de Gran Jardín,0,0,0,0,0,0,0,0,0,0,1/2025
37209,Lomas de Guadalupe,0,0,0,0,0,0,0,0,0,0,1/2025
37207,Lomas de Ibarrilla,0,0,0,0,0,0,0,0,0,0,1/2025
37538,Lomas de Jerez,2,0,0,0,0,0,0,0,0,0,1/2025
37680,Lomas de la Loza,0,0,0,0,0,0,0,0,0,0,1/2025
37353,Lomas de La Paz,0,0,0,0,0,0,0,0,0,0,1/2025
37440,Lomas de La Piscina,0,0,0,0,0,0,0,0,0,0,1/2025
37105,Lomas de La Presa,0,0,0,0,0,0,0,0,0,0,1/2025
37207,Lomas de la Selva,0,0,0,0,0,0,0,0,0,0,1/2025
37300,Lomas de La Trinidad,0,0,0,0,0,0,0,0,0,0,1/2025
37353,Lomas de Las Hilamas,0,0,0,0,0,0,0,0,0,0,1/2025
37207,Lomas de Las Presitas,0,0,0,0,0,0,0,0,0,0,1/2025
37209,Lomas de Los Castillos,0,0,0,0,0,0,0,0,0,0,1/2025
37238,Lomas de los Naranjos,0,0,0,0,0,0,0,0,0,0,1/2025
37415,Lomas de los Olivos,0,0,0,0,0,0,0,0,0,0,1/2025
37667,Lomas de los Sapos,0,0,0,0,0,0,0,0,0,0,1/2025
37238,Lomas de Medina,0,0,0,0,0,0,0,0,0,0,1/2025
37547,Lomas de San Carlos,0,0,0,0,0,0,0,0,0,0,1/2025
37357,Lomas de San José de la Joya,0,0,0,0,0,0,0,0,0,0,1/2025
37150,Lomas del Campestre,0,0,0,2,0,0,0,0,0,0,1/2025
37353,Lomas del Condado,0,0,0,0,0,0,0,0,0,0,1/2025
37353,Lomas del Edén,0,0,0,0,0,0,0,0,0,0,1/2025
37358,Lomas del Mirador,0,2,0,0,2,0,0,0,0,0,1/2025
37408,Lomas del Pedregal,0,0,0,0,0,0,0,0,0,0,1/2025
37358,Lomas del Refugio,0,0,0,0,0,0,0,0,0,0,1/2025
37355,Lomas del Sol,0,0,0,0,0,0,0,0,0,0,1/2025
37683,Lomas del Suspiro,0,0,0,0,0,0,0,0,0,0,1/2025
37400,Lomas del Valle,0,0,0,0,0,0,0,0,0,0,1/2025
37330,Lomas Vista Hermosa Sur,0,2,0,0,2,0,0,0,0,0,1/2025
37358,Lombardía Residencial,0,0,0,0,0,0,0,0,0,0,1/2025
37547,Loreto Residencial,0,0,0,0,0,0,0,0,0,0,1/2025
37204,Los Abedules,0,0,0,0,0,0,0,0,0,0,1/2025
37547,Los Agaves,0,0,0,0,0,0,0,0,0,0,1/2025
37460,Los Aguacates,0,0,0,0,0,0,0,0,0,0,1/2025
37683,Los Álamos (Rincón de Patiño),0,0,0,0,0,0,0,0,0,0,1/2025
37655,Los Alisos,0,0,0,0,0,0,0,0,0,0,1/2025
37128,Los Alpes Residencial,0,0,0,0,0,0,0,0,0,0,1/2025
37258,Los Ángeles,0,0,0,0,0,0,0,0,0,0,1/2025
37689,Los Arcos,0,0,0,0,0,0,0,0,0,0,1/2025
37209,Los Arrayanes,0,0,0,0,0,0,0,0,0,0,1/2025
37170,Los Carcamos,0,0,0,0,0,0,0,0,0,0,1/2025
37209,Los Castillos,0,0,0,0,0,0,0,0,0,0,1/2025
37149,Los Cedros,0,0,0,0,0,0,0,0,0,0,1/2025
37109,Los Colorines,0,0,0,0,0,0,0,0,0,0,1/2025
37390,Los Fresnos,0,2,0,0,2,0,0,0,0,0,1/2025
37266,Los Gavilanes,0,0,0,2,0,0,0,0,0,0,1/2025
37544,Los Héroes León,2,0,0,0,2,0,0,0,0,0,1/2025
37683,Los Jacales (La Loma),0,0,0,0,0,0,0,0,0,0,1/2025
37446,Los Laureles,0,0,0,0,0,0,0,0,0,0,1/2025
37448,Los Limones,0,0,0,0,0,0,0,0,0,0,1/2025
37680,Los López,0,0,0,0,0,0,0,0,0,0,1/2025
37100,Los Mezquites,0,0,0,0,0,0,0,0,0,0,1/2025
37219,Los Murales,0,0,0,0,0,0,0,0,0,0,1/2025
37219,Los Murales II,0,0,0,0,0,0,0,0,0,0,1/2025
37210,Los Naranjos,2,0,0,0,0,0,0,0,0,0,1/2025
37410,Los Olivos,2,0,0,0,0,0,0,0,0,0,1/2025
37683,Los Olivos (El Nuevo Paraíso),0,0,0,0,0,0,0,0,0,0,1/2025
37328,Los Paraísos,0,2,0,0,0,0,0,0,0,0,1/2025
37269,Los Pinitos,0,0,0,0,0,0,0,0,0,0,1/2025
37490,Los Pinos,0,2,0,0,0,0,0,0,0,0,1/2025
37217,Los Pirules,2,0,0,0,0,0,0,0,0,0,1/2025
37258,Los Portones,0,0,0,0,0,0,0,0,0,0,1/2025
37688,Los Ramírez,0,0,0,0,0,0,0,0,0,0,1/2025
37683,Los Sauces,0,0,0,0,0,0,0,0,0,0,1/2025
37125,Los Sauces del Moral,0,0,0,0,0,0,0,0,0,0,1/2025
37687,Los Vallejo,0,0,0,0,0,0,0,0,0,0,1/2025
37470,Lourdes,0,0,0,0,2,0,0,0,0,0,1/2025
37680,Loza de los Padres,2,0,0,0,0,0,0,0,0,0,1/2025
37670,Lucio Blanco (Los Gavilanes),0,0,0,0,0,0,0,0,0,0,1/2025
37107,Luz de la Presa,0,0,0,0,0,0,0,0,0,0,1/2025
37109,Luz del Parque,0,0,0,0,0,0,0,0,0,0,1/2025
37548,Luz del Refugio,0,0,0,0,0,0,0,0,0,0,1/2025
37010,Luz María Diaz Infante,0,0,0,0,0,0,0,0,0,0,1/2025
37208,Lyrata Residencial,0,0,0,0,0,0,0,0,0,0,1/2025
37299,Magisterial,0,0,0,0,0,0,0,0,0,0,1/2025
37564,Maguro A.C.,0,0,0,0,0,0,0,0,0,0,1/2025
37667,Malagana (San Antonio del Monte),0,0,0,0,0,0,0,0,0,0,1/2025
37219,Manantiales,0,0,0,0,0,0,0,0,0,0,1/2025
37238,Maravillas,0,0,0,0,0,0,0,0,0,0,1/2025
37238,Maravillas II,0,0,0,0,2,0,0,0,0,0,1/2025
37238,Maravillas III,0,2,0,0,2,0,0,0,0,0,1/2025
37547,Marbella,0,0,0,0,0,0,0,0,0,0,1/2025
37547,Marbella II,0,0,0,0,0,0,0,0,0,0,1/2025
37125,Marfil,0,0,0,0,0,0,0,0,0,0,1/2025
37549,María de La Luz,0,0,0,0,0,0,0,0,0,0,1/2025
37550,María Dolores,0,0,0,0,0,0,0,0,0,0,1/2025
37295,Marroka Residencial,0,0,0,0,0,0,0,0,0,0,1/2025
37295,Marsol,0,0,0,0,0,0,0,0,0,0,1/2025
37238,Medina,0,0,0,0,0,0,0,0,0,0,1/2025
37530,Mega Price,0,0,0,0,0,0,0,0,0,0,1/2025
37697,Mesa de Ibarrilla,0,0,0,0,0,0,0,0,0,0,1/2025
37207,Mesitas del Consuelo,0,0,0,0,0,0,0,0,0,0,1/2025
37545,Mezquital 2000,0,0,0,0,0,0,0,0,0,0,1/2025
37545,Mezquital de Jerez,0,0,0,0,0,0,0,0,0,0,1/2025
37299,Mezquital del Carmen,0,0,0,0,0,0,0,0,0,0,1/2025
37240,Michoacán,0,2,0,0,2,0,0,0,0,0,1/2025
37427,Miguel de Cervantes Saavedra,0,0,0,0,0,0,0,0,0,0,1/2025
37487,Miguel Hidalgo,0,0,0,0,0,0,0,0,0,0,1/2025
37687,Miguel Hidalgo Dos (El Bordo),0,0,0,0,0,0,0,0,0,0,1/2025
37353,Mineral de la Joya,0,0,0,0,0,0,0,0,0,0,1/2025
37426,Mirador de Arbide,0,2,0,0,2,0,0,0,0,0,1/2025
37138,Mirador de Gran Jardín,0,0,0,0,0,0,0,0,0,0,1/2025
37204,Misión de La Florida,0,0,0,0,0,0,0,0,0,0,1/2025
37355,Misión de La Joya,0,0,0,0,0,0,0,0,0,0,1/2025
37279,Misión de La Luz,0,0,0,0,0,0,0,0,0,0,1/2025
37179,Misión de La Presa,0,0,0,0,0,0,0,0,0,0,1/2025
37218,Misión de San José,2,0,0,0,0,0,0,0,0,0,1/2025
37218,Misión de San José 2a Secc,0,0,0,0,0,0,0,0,0,0,1/2025
37296,Misión del Carmen,0,0,0,0,0,0,0,0,0,0,1/2025
37219,Misión del Norte,0,0,0,0,0,0,0,0,0,0,1/2025
37128,Misión La Cañada,0,0,0,0,0,0,0,0,0,0,1/2025
37353,Misión Santa Fe,0,0,0,0,0,0,0,0,0,0,1/2025
37328,Moderna,0,0,0,0,0,0,0,0,0,0,1/2025
37355,Montaña del Sol de La Joya,0,0,0,0,0,0,0,0,0,0,1/2025
37436,Monte de Cristo,0,0,0,0,0,0,0,0,0,0,1/2025
37685,Montebello,0,0,0,0,0,0,0,0,0,0,1/2025
37547,Montolivo,4,0,0,0,0,0,0,0,0,0,1/2025
37438,Morelos (el Guaje),0,0,0,0,0,0,0,0,0,0,1/2025
37544,Murano,0,0,0,0,0,0,0,0,0,0,1/2025
37683,Nápoles,0,0,0,0,0,0,0,0,0,0,1/2025
37289,Natura,0,0,0,0,0,0,0,0,0,0,1/2025
37549,Negrete,0,0,0,0,0,0,0,0,0,0,1/2025
37289,Niza,0,0,0,0,0,0,0,0,0,0,1/2025
37689,Noria de Septién (San José de San Juan),0,0,0,0,0,0,0,0,0,0,1/2025
37109,Norteña,0,0,0,0,0,0,0,0,0,0,1/2025
37234,Nte. San Antonio del Alambrado,0,0,0,0,0,0,0,0,0,0,1/2025
37557,Nte. Santa María de Cementos,0,0,0,0,0,0,0,0,0,0,1/2025
37260,Nueva Candelaria,0,0,0,0,0,0,0,0,0,0,1/2025
37685,Nueva Colonia San Carlos,0,2,2,0,4,0,0,0,0,0,1/2025
37210,Nueva Santa Rosa de Lima,0,0,0,0,0,0,0,0,0,0,1/2025
37299,Nuevo Amanecer,0,0,0,0,2,0,0,0,0,0,1/2025
37208,Nuevo León,0,0,0,0,0,0,0,0,0,0,1/2025
37687,Nuevo Lindero,0,0,0,0,0,0,0,0,0,0,1/2025
37548,Nuevo Milenio,0,0,0,0,0,0,0,0,0,0,1/2025
37660,Nuevo Progreso,0,0,0,0,0,0,0,0,0,0,1/2025
37295,Nuevo San Nicolás,0,0,0,0,0,0,0,0,0,0,1/2025
37654,Nuevo Valle de Moreno,0,0,0,0,0,0,0,0,0,0,1/2025
37289,Oasis,0,0,0,0,0,0,0,0,0,0,1/2025
37320,Obregón,0,6,0,2,6,0,0,0,0,0,1/2025
37340,Obrera,0,2,0,0,0,0,0,0,0,0,1/2025
37353,Observatorio,0,0,0,0,0,0,0,0,0,0,1/2025
37676,Ojo de Agua de los Reyes,0,0,0,0,0,0,0,0,0,0,1/2025
37207,Once de Junio,0,0,0,0,0,0,0,0,0,0,1/2025
37510,Oriental,0,0,0,0,0,0,0,0,0,0,1/2025
37510,Oriental Anaya,0,0,0,0,0,0,0,0,0,0,1/2025
37436,Ote. Monte de Cristo,0,0,0,0,0,0,0,0,0,0,1/2025
37530,Ote. Villas Santa Julia,0,0,0,0,0,0,0,0,0,0,1/2025
37207,Palenque de Ibarrilla,0,0,0,0,0,0,0,0,0,0,1/2025
37353,Palmas 2000,0,0,0,0,0,0,0,0,0,0,1/2025
37240,Palomares,0,0,0,0,0,0,0,0,0,0,1/2025
37160,Panorama,2,0,0,0,0,0,0,0,0,0,1/2025
37355,Paraíso de las Joyas,0,0,0,0,0,0,0,0,0,0,1/2025
37294,Paraíso Real,0,0,0,0,0,0,0,0,0,0,1/2025
37295,Parque Chapultepec,0,0,0,0,0,0,0,0,0,0,1/2025
37490,Parque Ecológico Santa Lucía,0,0,0,0,0,0,0,0,0,0,1/2025
37668,Parque Industrial Colinas de León,0,0,0,0,0,0,0,0,0,0,1/2025
37455,Parque Industrial La Trinidad,0,0,0,0,0,0,0,0,0,0,1/2025
37685,Parque Industrial León-Bajío,0,0,0,0,0,0,0,0,0,0,1/2025
37660,Parque Industrial San Pedro,0,0,0,0,0,0,0,0,0,0,1/2025
37570,Parque La Noria,2,0,0,0,0,0,0,0,0,0,1/2025
37510,Parque Manzanares,2,0,0,0,0,0,0,0,0,0,1/2025
37536,Parques de la Pradera,0,0,0,0,0,0,0,0,0,0,1/2025
37295,Parques de San Juan,0,0,0,0,0,0,0,0,0,0,1/2025
37536,Parques del Sur,2,0,0,0,4,0,0,0,0,0,1/2025
37570,Parques del Sur V,0,0,0,0,0,0,0,0,0,0,1/2025
37536,Paseo de la Pradera,0,0,0,0,0,0,0,0,0,0,1/2025
37118,Paseo de las Moras,0,0,0,0,0,0,0,0,0,0,1/2025
37210,Paseo de los Naranjos,0,0,0,0,0,0,0,0,0,0,1/2025
37425,Paseos de Andalucía,0,0,0,0,0,0,0,0,0,0,1/2025
37549,Paseos de La Castellana,0,0,0,0,0,0,0,0,0,0,1/2025
37408,Paseos de la Cima,0,0,0,0,0,0,0,0,0,0,1/2025
37408,Paseos de La Cima Plus,0,0,0,0,0,0,0,0,0,0,1/2025
37358,Paseos de la Fragua,0,0,0,0,0,0,0,0,0,0,1/2025
37355,Paseos de La Joya,0,0,0,0,0,0,0,0,0,0,1/2025
37536,Paseos de la Pradera,0,0,0,0,0,0,0,0,0,0,1/2025
37669,Paseos de las Torres,4,2,0,0,0,0,0,0,0,0,1/2025
37238,Paseos de Maravillas,0,0,0,0,0,0,0,0,0,0,1/2025
37408,Paseos de Miravalle,0,0,0,0,0,0,0,0,0,0,1/2025
37400,Paseos de San Ángel,0,0,0,0,0,0,0,0,0,0,1/2025
37218,Paseos del Arroyo,0,0,0,0,0,0,0,0,0,0,1/2025
37178,Paseos del Bosque,0,0,0,0,0,0,0,0,0,0,1/2025
37358,Paseos del Country,0,0,0,0,0,0,0,0,0,0,1/2025
37478,Paseos del Maurel,0,2,0,0,0,0,0,0,0,0,1/2025
37295,Paseos del Molino,0,0,0,0,2,0,0,0,0,0,1/2025
37209,Paso del Río de los Castillo,0,0,0,0,0,0,0,0,0,0,1/2025
37538,Pedregal de Jerez,0,0,0,0,0,0,0,0,0,0,1/2025
37299,Pedregal de San Carlos,0,0,0,0,0,0,0,0,0,0,1/2025
37400,Pedregal de Satélite,0,0,0,0,0,0,0,0,0,0,1/2025
37170,Pedregal del Campestre,0,0,0,0,0,0,0,0,0,0,1/2025
37299,Pedregal del Carmen,0,0,0,0,2,0,0,0,0,0,1/2025
37296,Pedregal del Gigante,0,0,0,0,0,0,0,0,0,0,1/2025
37353,Pedregal del Sol,0,0,0,0,0,0,0,0,0,0,1/2025
37100,Pedregales de Echeveste,0,0,0,0,0,0,0,0,0,0,1/2025
37238,Peña Alta,0,0,0,0,0,0,0,0,0,0,1/2025
37180,Peñitas,0,0,0,0,0,0,0,0,0,0,1/2025
37683,Peñuelas,0,0,0,0,0,0,0,0,0,0,1/2025
37433,Periodistas Mexicanos (J. López),0,0,0,0,0,0,0,0,0,0,1/2025
37299,Pía Monte,0,0,0,0,0,0,0,0,0,0,1/2025
37295,Piedra Azul II,0,0,0,0,0,0,0,0,0,0,1/2025
37295,Piedra Azul l,0,0,0,0,0,0,0,0,0,0,1/2025
37665,Piedra Blanca,0,0,0,0,0,0,0,0,0,0,1/2025
37310,Piletas I,0,2,0,0,4,0,0,0,0,0,1/2025
37310,Piletas II,0,0,0,0,0,0,0,0,0,0,1/2025
37315,Piletas III,0,0,0,0,0,0,0,0,0,0,1/2025
37316,Piletas IV,0,0,0,0,0,0,0,0,0,0,1/2025
37545,Pinar del Tajo,0,0,0,0,0,0,0,0,0,0,1/2025
37128,Pirules Residencial,0,0,0,0,0,0,0,0,0,0,1/2025
37666,Plan de Ayala (Santa Rosa),0,0,0,0,0,0,0,0,0,0,1/2025
37687,Plan Guanajuato (La Sandía),0,0,0,0,0,0,0,0,0,0,1/2025
37450,Plaza de Toros,0,0,0,0,0,0,0,0,0,0,1/2025
37204,Plaza Hidalgo,0,0,0,0,0,0,0,0,0,0,1/2025
37120,Plaza Mayor,0,0,0,0,0,0,0,0,0,0,1/2025
37290,Polígono Industrial Milenio,0,0,0,0,0,0,0,0,0,0,1/2025
37240,Popular Anaya,2,0,0,0,0,0,0,0,0,0,1/2025
37548,Popular Guadalajara,0,0,0,0,0,0,0,0,0,0,1/2025
37278,Popular Inca,0,0,0,0,0,0,0,0,0,0,1/2025
37278,Popular La Luz,0,0,0,0,0,0,0,0,0,0,1/2025
37109,Popular Maya,0,0,0,0,0,0,0,0,0,0,1/2025
37549,Popular Polanco,0,0,0,0,0,0,0,0,0,0,1/2025
37134,Porta Fontana,0,0,0,0,0,0,0,0,0,0,1/2025
37295,Porta Romani,0,0,0,0,0,0,0,0,0,0,1/2025
37134,Porta Toscana,0,0,0,0,0,0,0,0,0,0,1/2025
37280,Portal la Luz,0,0,0,0,0,0,0,0,0,0,1/2025
37100,Portales de La Arboleda,0,0,0,0,0,0,0,0,0,0,1/2025
37448,Portales de San Sebastián,0,0,0,0,0,0,0,0,0,0,1/2025
37290,Portales de Santa Úrsula,0,0,0,0,0,0,0,0,0,0,1/2025
37358,Portón Cañada,2,0,0,0,0,0,0,0,0,0,1/2025
37289,Portón de Bugambilias,0,0,0,0,0,0,0,0,0,0,1/2025
37297,Portón de Los Girasoles,0,0,0,0,0,0,0,0,0,0,1/2025
37669,Portón del Valle,0,0,0,0,0,0,0,0,0,0,1/2025
37278,Portones de San Pedrito,0,0,0,0,0,0,0,0,0,0,1/2025
37138,Portones del Campestre,0,0,0,0,0,0,0,0,0,0,1/2025
37299,Portones del Carmen,0,0,0,0,0,0,0,0,0,0,1/2025
37138,Portones del Gran Jardín,0,0,0,0,0,0,0,0,0,0,1/2025
37170,Portones del Moral,0,0,0,0,0,0,0,0,0,0,1/2025
37490,Pradera del Sol,0,0,0,0,0,0,0,0,0,0,1/2025
37290,Praderas de Agua Azul,0,0,0,0,0,0,0,0,0,0,1/2025
37210,Praderas de Santa Rosa,0,0,0,0,0,0,0,0,0,0,1/2025
37555,Praderas del Bosque,0,0,0,0,0,0,0,0,0,0,1/2025
37358,Praderas del Refugio,0,0,0,0,0,0,0,0,0,0,1/2025
37520,Praderas del Sur,0,0,0,0,0,0,0,0,0,0,1/2025
37238,Prado Hermoso,0,0,0,0,0,0,0,0,0,0,1/2025
37295,Prados de San Nicolás,0,0,0,0,0,0,0,0,0,0,1/2025
37295,Prados la Luz,0,0,0,0,0,0,0,0,0,0,1/2025
37480,Prados Verdes,0,0,0,0,0,0,0,0,0,0,1/2025
37669,Predio Rancho Viejo,0,0,0,0,0,0,0,0,0,0,1/2025
37288,Predio San Pedro o Jesús María,0,0,0,0,0,0,0,0,0,0,1/2025
37236,Presidentes de México,0,0,0,0,2,0,0,0,0,0,1/2025
37187,Privada del Moral,0,0,0,0,0,0,0,0,0,0,1/2025
37289,Privada del Pozo,0,0,0,0,0,0,0,0,0,0,1/2025
37100,Privada Echeveste,0,0,0,0,0,0,0,0,0,0,1/2025
37230,Privada Rinconada de las Flores,0,0,0,0,0,0,0,0,0,0,1/2025
37218,Privanza del Condado,0,0,0,0,0,0,0,0,0,0,1/2025
37210,Privanza los Naranjos,0,0,0,0,0,0,0,0,0,0,1/2025
37234,Providencia,0,0,0,0,0,0,0,0,0,0,1/2025
37689,Providencia Uno,0,0,0,0,0,0,0,0,0,0,1/2025
37278,Pueblo Nuevo,0,0,0,0,0,0,0,0,0,0,1/2025
37667,Puerta de San Germán (Morelos),0,0,0,0,0,0,0,0,0,0,1/2025
37664,Puerta del Cerro,0,0,0,0,0,0,0,0,0,0,1/2025
37670,Puerta del Sol,2,0,0,0,0,0,0,0,0,0,1/2025
37359,Puerta Dorada,0,0,0,0,0,0,0,0,0,0,1/2025
37544,Puerta Lisboa,0,0,0,0,0,0,0,0,0,0,1/2025
37547,Puerta San Carlos,0,0,0,0,0,0,0,0,0,0,1/2025
37480,Puerta San Rafael,0,0,0,0,0,0,0,0,0,0,1/2025
37125,Puertas de La Alborada,0,0,0,0,0,0,0,0,0,0,1/2025
37128,Punta Campestre,0,0,0,0,0,0,0,0,0,0,1/2025
37358,Punta Cañada,0,0,0,0,0,0,0,0,0,0,1/2025
37355,Punta del Sol,0,0,0,0,0,0,0,0,0,0,1/2025
37359,Punta Dorada,0,0,0,0,0,0,0,0,0,0,1/2025
37295,Punta Nogal la Luz,0,0,0,0,0,0,0,0,0,0,1/2025
37200,Punta Nogal Morelos,0,0,0,0,0,0,0,0,0,0,1/2025
37298,Punto Verde,0,0,0,0,0,0,0,0,0,0,1/2025
37290,Purísima de Jerez,0,0,0,0,0,0,0,0,0,0,1/2025
37217,Quinta Hilario Medina,0,0,0,0,0,0,0,0,0,0,1/2025
37107,Quinta los Castillos,0,0,0,0,0,0,0,0,0,0,1/2025
37210,Quinta Los Naranjos,0,0,0,0,0,0,0,0,0,0,1/2025
37288,Quintas del Sol,0,0,0,0,0,0,0,0,0,0,1/2025
37208,Quintas San Lorenzo,0,0,0,0,0,0,0,0,0,0,1/2025
37120,Rancho La Florida,0,0,0,0,0,0,0,0,0,0,1/2025
37689,Rancho los González,0,0,0,0,0,0,0,0,0,0,1/2025
37687,Rancho Nuevo de La Luz,0,0,0,0,0,0,0,0,0,0,1/2025
37664,Rancho Nuevo de la Venta,0,0,0,0,0,0,0,0,0,0,1/2025
37687,Rancho Nuevo del Maguey,0,0,0,0,0,0,0,0,0,0,1/2025
37667,Rancho San José de los Sapos,0,0,0,0,0,0,0,0,0,0,1/2025
37669,Rancho Seco,0,0,0,0,0,0,0,0,0,0,1/2025
37355,Real 2000,0,0,0,0,0,0,0,0,0,0,1/2025
37128,Real Campestre,0,0,0,0,0,0,0,0,0,0,1/2025
37178,Real de Bugambilias,0,0,0,0,0,0,0,0,0,0,1/2025
37178,Real de Camelinas,0,0,0,0,0,0,0,0,0,0,1/2025
37538,Real de Jerez,0,0,0,0,0,0,0,0,0,0,1/2025
37357,Real de La Joya,4,0,0,0,0,0,0,0,0,0,1/2025
37419,Real de Las Palmas,0,0,0,0,0,0,0,0,0,0,1/2025
37353,Real de León,0,0,0,0,0,0,0,0,0,0,1/2025
37210,Real de los Naranjos,0,0,0,0,0,0,0,0,0,0,1/2025
37318,Real de Mariches,0,0,0,0,0,0,0,0,0,0,1/2025
37207,Real de San Antonio,0,0,0,0,0,0,0,0,0,0,1/2025
37218,Real de San José,0,0,0,0,0,0,0,0,0,0,1/2025
37297,Real de Villas,0,0,0,0,0,0,0,0,0,0,1/2025
37178,Real del Bosque,0,0,0,0,0,0,0,0,0,0,1/2025
37209,Real del Castillo,0,0,0,0,0,0,0,0,0,0,1/2025
37317,Real del Refugio,0,0,0,0,0,0,0,0,0,0,1/2025
37549,Real Delta,0,2,0,0,0,0,0,0,0,0,1/2025
37219,Real los Murales,0,0,0,0,0,0,0,0,0,0,1/2025
37234,Real Providencia,2,2,0,2,0,0,0,0,0,0,1/2025
37668,Refugio de Rosas,0,0,0,0,0,0,0,0,0,0,1/2025
37548,Refugio de San José,0,2,0,0,2,0,0,0,0,0,1/2025
37526,Residencial Benevento,0,0,0,0,0,0,0,0,0,0,1/2025
37157,Residencial Brisas,0,0,0,0,0,0,0,0,0,0,1/2025
37545,Residencial Camelinas,0,0,0,0,0,0,0,0,0,0,1/2025
37109,Residencial Campo Palmyra,0,0,0,0,0,0,0,0,0,0,1/2025
37120,Residencial Club Campestre,0,0,0,0,0,0,0,0,0,0,1/2025
37278,Residencial Coyoacán,0,0,0,0,0,0,0,0,0,0,1/2025
37125,Residencial del Moral,0,0,0,0,0,0,0,0,0,0,1/2025
37530,Residencial del Parque,0,0,0,0,0,0,0,0,0,0,1/2025
37299,Residencial El Carmen,0,2,0,0,2,0,0,0,0,0,1/2025
37170,Residencial El Mezquite,0,0,0,0,0,0,0,0,0,0,1/2025
37544,Residencial Hacienda Viñedos,0,0,0,0,2,0,0,0,0,0,1/2025
37295,Residencial Hestea,0,0,0,0,0,0,0,0,0,0,1/2025
37157,Residencial La Lluvia,0,0,0,0,0,0,0,0,0,0,1/2025
37207,Residencial La Toscana,0,0,0,0,0,0,0,0,0,0,1/2025
37260,Residencial Las Magnolias,0,0,0,0,0,0,0,0,0,0,1/2025
37296,Residencial Lomas Punta del Este,0,2,0,0,0,0,0,0,0,0,1/2025
37257,Residencial Platino,0,0,0,0,0,0,0,0,0,0,1/2025
37125,Residencial Puertas de la Alborada,0,0,0,0,0,0,0,0,0,0,1/2025
37296,Residencial Punta del Este,0,0,0,0,0,0,0,0,0,0,1/2025
37207,Residencial Real Cayetana,0,0,0,0,0,0,0,0,0,0,1/2025
37287,Residencial San Ángel,0,0,0,0,0,0,0,0,0,0,1/2025
37299,Residencial San Carlos,0,0,0,0,0,0,0,0,0,0,1/2025
37530,Residencial San Isidro,0,0,0,0,0,0,0,0,0,0,1/2025
37547,Residencial San José,0,2,0,0,2,0,0,0,0,0,1/2025
37296,Residencial Santa Fe,0,0,0,0,0,0,0,0,0,0,1/2025
37296,Residencial Santa Lucía,0,0,0,0,0,0,0,0,0,0,1/2025
37278,Residencial Titanio,0,0,0,0,0,0,0,0,0,0,1/2025
37426,Residencial Valle de Arbide,0,0,0,0,0,0,0,0,0,0,1/2025
37179,Residencial Verandas,0,0,0,0,0,0,0,0,0,0,1/2025
37217,Residencial Victoria,0,0,0,0,0,0,0,0,0,0,1/2025
37210,Residencial Villa Contemporánea,0,0,0,0,0,0,0,0,0,0,1/2025
37239,Revolución,0,0,0,0,0,0,0,0,0,0,1/2025
37547,Ribera de Barceló,0,0,0,0,0,0,0,0,0,0,1/2025
37295,Rincón de Asís,0,0,0,0,0,0,0,0,0,0,1/2025
37270,Rincón de Bugambilias,0,0,0,0,0,0,0,0,0,0,1/2025
37207,Rincón de Ibarrilla,0,0,0,0,0,0,0,0,0,0,1/2025
37199,Rincón de La Florida,0,0,0,0,0,0,0,0,0,0,1/2025
37358,Rincón de la Joya,0,0,0,0,0,0,0,0,0,0,1/2025
37410,Rincón de los Olivos,0,0,0,0,0,0,0,0,0,0,1/2025
37138,Rincón del Campestre,0,0,0,0,0,0,0,0,0,0,1/2025
37100,Rinconada de Echeveste,0,0,0,0,0,0,0,0,0,0,1/2025
37207,Rinconada de Ibarrilla,0,0,0,0,0,0,0,0,0,0,1/2025
37280,Rinconada de San Pedro,0,0,0,0,0,0,0,0,0,0,1/2025
37179,Rinconada del Bosque,0,0,0,0,0,0,0,0,0,0,1/2025
37536,Rinconada del Sur,0,2,0,0,0,0,0,0,0,0,1/2025
37660,Rinconada la Esmeralda,0,0,0,0,0,0,0,0,0,0,1/2025
37450,Río Escondido,0,0,0,0,2,0,0,0,0,0,1/2025
37297,Río Grande,0,0,0,0,0,0,0,0,0,0,1/2025
37468,Río Mayo,0,0,0,0,0,0,0,0,0,0,1/2025
37358,Rivera de La Joya,0,0,0,0,0,0,0,0,0,0,1/2025
37100,Rivera de La Presa,0,0,0,0,0,0,0,0,0,0,1/2025
37104,Rivera de La Presa Country,0,0,0,0,0,0,0,0,0,0,1/2025
37209,Rivera de los Castillo,0,0,0,0,0,0,0,0,0,0,1/2025
37210,Rivera de San Bernardo,0,0,0,0,0,0,0,0,0,0,1/2025
37207,Rivera del Carmen (Divina Infantita),0,0,0,0,0,0,0,0,0,0,1/2025
37557,Rivera del Río,0,0,0,0,0,0,0,0,0,0,1/2025
37357,Rizos del Saucillo,0,0,0,0,0,0,0,0,0,0,1/2025
37295,Rubí del Bajío,0,0,0,0,0,0,0,0,0,0,1/2025
37109,Rustico Norteña,0,0,0,0,0,0,0,0,0,0,1/2025
37660,Rústico San Pedro,0,0,0,0,0,0,0,0,0,0,1/2025
37240,San Agustin,0,0,0,0,2,0,0,0,0,0,1/2025
37550,San Alfonso,0,0,0,0,0,0,0,0,0,0,1/2025
37328,San Antonio,0,0,0,0,0,0,0,0,0,0,1/2025
37689,San Antonio de los Tepetates,0,0,0,0,0,0,0,0,0,0,1/2025
37696,San Antonio de Padua,0,0,0,0,0,0,0,0,0,0,1/2025
37230,San Antonio del Alambrado,0,0,0,0,0,0,0,0,0,0,1/2025
37210,San Benigno,0,0,0,0,0,0,0,0,0,0,1/2025
37544,San Carlos,0,0,0,0,0,0,0,0,0,0,1/2025
37544,San Carlos la Rocha,2,0,0,0,0,0,0,0,0,0,1/2025
37179,San Cristóbal,0,0,0,0,0,0,0,0,0,0,1/2025
37250,San Felipe de Jesús,0,2,0,0,0,0,0,0,0,0,1/2025
37295,San Francisco,0,2,0,0,2,0,0,0,0,0,1/2025
37688,San Francisco de Durán (San Agustín Mirasol),0,0,0,0,0,0,0,0,0,0,1/2025
37209,San Gabriel,0,0,0,0,0,0,0,0,0,0,1/2025
37456,San Ignacio,0,0,0,0,0,0,0,0,0,0,1/2025
37510,San Isidro,6,2,0,0,0,0,0,0,0,0,1/2025
37660,San Isidro (La Virgencita),0,0,0,0,0,0,0,0,0,0,1/2025
37209,San Isidro Azteca,0,0,0,0,0,0,0,0,0,0,1/2025
37530,San Isidro de Jerez,0,2,0,0,2,0,0,0,0,0,1/2025
37660,San Isidro de las Colonias,0,0,0,0,0,0,0,0,0,0,1/2025
37683,San Isidro de los Sauces,0,0,0,0,0,0,0,0,0,0,1/2025
37209,San Isidro Labrador,0,0,0,0,0,0,0,0,0,0,1/2025
37208,San Javier,0,0,0,0,0,0,0,0,0,0,1/2025
37204,San Jerónimo I,0,0,0,0,0,0,0,0,0,0,1/2025
37148,San Jerónimo II,0,0,0,0,0,0,0,0,0,0,1/2025
37289,San Jorge,0,2,0,0,2,0,0,0,0,0,1/2025
37208,San Jorge (Los Castillos),0,0,0,0,0,0,0,0,0,0,1/2025
37218,San José,0,0,0,0,0,0,0,0,0,0,1/2025
37689,San José de Barrón (El Cachete),0,0,0,0,0,0,0,0,0,0,1/2025
37555,San José de Cementos,0,0,0,0,0,0,0,0,0,0,1/2025
37689,San José de Durán (Los Troncoso),0,0,0,0,0,0,0,0,0,0,1/2025
37358,San José de la Joya,0,0,0,0,0,0,0,0,0,0,1/2025
37683,San José de los Romeros,2,0,0,0,0,0,0,0,0,0,1/2025
37667,San José de los Sapos (Santa Elena),0,0,0,0,0,0,0,0,0,0,1/2025
37290,San José de Los Tanques,0,0,0,0,0,0,0,0,0,0,1/2025
37653,San José de Otates Sur (Piedras de Coche),0,0,0,0,0,0,0,0,0,0,1/2025
37689,San José de Zertuche Dos,0,0,0,0,0,0,0,0,0,0,1/2025
37685,San José del Clavel,0,0,0,0,0,0,0,0,0,0,1/2025
37200,San José del Consuelo,0,0,0,0,0,0,0,0,0,0,1/2025
37688,San José del Consuelo (La Envidia),0,0,0,0,0,0,0,0,0,0,1/2025
37217,San José del Consuelo II,0,0,0,0,0,0,0,0,0,0,1/2025
37296,San José del Potrero,0,0,0,0,0,0,0,0,0,0,1/2025
37688,San José del Resplandor (El Capricho),0,0,0,0,0,0,0,0,0,0,1/2025
37545,San José El Alto,0,2,0,0,2,0,0,0,0,0,1/2025
37319,San José Obrero,0,0,0,0,0,0,0,0,0,0,1/2025
37545,San Juan Bautista,0,4,0,0,6,0,0,0,0,0,1/2025
37330,San Juan Bosco (Vista Hermosa),0,2,0,4,2,0,0,0,0,0,1/2025
37684,San Juan de Abajo,0,0,0,0,0,0,0,0,0,0,1/2025
37004,San Juan de Dios,0,0,0,0,0,0,0,0,0,0,1/2025
37670,San Juan de Otates,0,0,0,0,0,0,0,0,0,0,1/2025
37660,San Judas,0,0,0,0,0,0,0,0,0,0,1/2025
37458,San Luis,0,0,0,0,0,0,0,0,0,0,1/2025
37259,San Manuel,0,0,0,0,2,0,0,0,0,0,1/2025
37410,San Marcos,0,2,0,0,0,0,0,0,0,0,1/2025
37350,San Martín de Porres,0,0,0,0,0,0,0,0,0,0,1/2025
37390,San Miguel,0,2,0,0,2,0,0,0,0,0,1/2025
37278,San Miguel de Rentería,0,0,0,0,0,0,0,0,0,0,1/2025
37470,San Miguel INFONAVIT,0,0,0,0,0,0,0,0,0,0,1/2025
37480,San Nicolás,0,0,0,0,0,0,0,0,0,0,1/2025
37294,San Nicolás de los González,0,0,0,0,0,0,0,0,0,0,1/2025
37108,San Nicolás del Palote,0,0,0,0,0,0,0,0,0,0,1/2025
37207,San Pablo,0,0,0,2,4,0,0,0,0,0,1/2025
37280,San Pedro de los Hernández,0,2,0,0,2,0,0,0,0,0,1/2025
37660,San Pedro del Monte (La Huizachera),0,0,0,0,0,0,0,0,0,0,1/2025
37278,San Pedro Plus,0,0,0,0,0,0,0,0,0,0,1/2025
37380,San Rafael,0,0,0,0,0,0,0,0,0,0,1/2025
37450,San Sebastián,0,0,0,0,0,0,0,0,0,0,1/2025
37689,San Vicente,0,0,0,0,0,0,0,0,0,0,1/2025
37295,Sangre de Cristo,4,0,0,0,0,0,0,0,0,0,1/2025
37564,Santa Ana AC,0,0,0,0,0,0,0,0,0,0,1/2025
37295,Santa Anita,0,0,0,0,0,0,0,0,0,0,1/2025
37105,Santa Cecilia,0,0,0,0,0,0,0,0,0,0,1/2025
37105,Santa Cecilia II,0,0,0,0,0,0,0,0,0,0,1/2025
37470,Santa Clara,2,2,0,0,2,0,0,0,0,0,1/2025
37547,Santa Cruz,0,0,0,0,0,0,0,0,0,0,1/2025
37240,Santa Fe,0,0,0,0,0,0,0,0,0,0,1/2025
37547,Santa Gertrudis,0,0,0,0,0,0,0,0,0,0,1/2025
37490,Santa Lucia,0,0,0,0,0,0,0,0,0,0,1/2025
37238,Santa Magdalena,0,0,0,0,0,0,0,0,0,0,1/2025
37560,Santa María de Cementos,0,2,0,0,0,0,0,0,0,0,1/2025
37520,Santa María del Granjeno,0,0,0,0,0,0,0,0,0,0,1/2025
37450,Santa Rita,0,0,0,0,0,0,0,0,0,0,1/2025
37444,Santa Rita de los Naranjos,0,0,0,0,0,0,0,0,0,0,1/2025
37210,Santa Rosa de Lima,0,0,0,0,0,0,0,0,0,0,1/2025
37557,Santo Domingo,0,0,0,0,0,0,0,0,0,0,1/2025
37697,Saucillo de Ávalos,0,0,0,0,0,0,0,0,0,0,1/2025
37355,Saucillo de La Joya,0,0,0,0,0,0,0,0,0,0,1/2025
37655,Sauz Seco,0,0,0,0,0,0,0,0,0,0,1/2025
37128,Señora Frausto,0,0,0,0,0,0,0,0,0,0,1/2025
37293,Sierra Nogal,2,0,0,0,0,0,0,0,0,0,1/2025
37357,Silglo XXI,0,0,0,0,0,0,0,0,0,0,1/2025
37357,Sinarquista,0,0,0,0,0,0,0,0,0,0,1/2025
37299,Soberna,0,0,0,0,0,0,0,0,0,0,1/2025
37105,Solidaridad Leonesa (pedregal),0,0,0,0,0,0,0,0,0,0,1/2025
37550,Sur Cementos,0,0,0,0,0,0,0,0,0,0,1/2025
37680,Sur de los López,0,0,0,0,0,0,0,0,0,0,1/2025
37550,Sur El Granjeno,2,0,0,0,0,0,0,0,0,0,1/2025
37549,Sur Industrial Delta,2,0,0,0,0,0,0,0,0,0,1/2025
37570,Sur La Moreña,0,0,0,0,0,0,0,0,0,0,1/2025
37530,Sur Loma Hermosa,0,0,0,0,0,0,0,0,0,0,1/2025
37217,Sur los Naranjos,0,0,0,0,0,0,0,0,0,0,1/2025
37210,Sur Santa Rosa de Lima,0,0,0,0,0,0,0,0,0,0,1/2025
37140,Tablas de La Virgen,0,0,0,0,0,0,0,0,0,0,1/2025
37020,Tepeyac,0,0,0,0,0,0,0,0,0,0,1/2025
37296,Terracota,0,0,0,0,0,0,0,0,0,0,1/2025
37217,Todos los Santos,0,0,0,0,0,0,0,0,0,0,1/2025
37128,Torre Cumbres,0,0,0,0,0,0,0,0,0,0,1/2025
37538,Torremolinos,2,0,0,0,0,0,0,0,0,0,1/2025
37120,Torres de Country,0,0,0,0,0,0,0,0,0,0,1/2025
37296,Torres de San Nicolás,0,0,0,0,0,0,0,0,0,0,1/2025
37170,Torres del Lago,0,0,0,0,0,0,0,0,0,0,1/2025
37570,Torres del Sur,0,0,0,0,0,0,0,0,0,0,1/2025
37359,Torres Doradas,2,0,0,0,0,0,0,0,0,0,1/2025
37125,Torres Metrópoli,0,0,0,0,0,0,0,0,0,0,1/2025
37500,Torres Orión,0,0,0,0,0,0,0,0,0,0,1/2025
37289,Torres Premier,0,0,0,0,0,0,0,0,0,0,1/2025
37358,Trento,0,0,0,0,0,0,0,0,0,0,1/2025
37200,Tres Cantos,0,0,0,0,0,0,0,0,0,0,1/2025
37237,Unidad Deportiva,0,0,0,0,0,0,0,0,0,0,1/2025
37239,Unidad Deportiva II,0,0,0,0,2,0,0,0,0,0,1/2025
37179,Unidad Obrera Infonavit,0,0,0,0,0,0,0,0,0,0,1/2025
37258,Unidad y Esfuerzo Popular,0,0,0,0,0,0,0,0,0,0,1/2025
37239,Unión Comunitaria de León,0,0,0,0,0,0,0,0,0,0,1/2025
37207,Unión Comunitaria los Laureles,0,0,0,0,0,0,0,0,0,0,1/2025
37549,Unión Obrera,0,0,0,0,0,0,0,0,0,0,1/2025
37669,UrbiVilla del Roble,0,0,0,0,0,0,0,0,0,0,1/2025
37353,Valle Antigua,0,0,0,0,0,0,0,0,0,0,1/2025
37456,Valle de Alborada,0,0,0,0,0,0,0,0,0,0,1/2025
37683,Valle de Aránzazu,0,0,0,0,0,0,0,0,0,0,1/2025
37538,Valle de Jerez,0,0,0,0,0,0,0,0,0,0,1/2025
37547,Valle de La Hacienda,0,0,0,0,0,0,0,0,0,0,1/2025
37357,Valle de la Joya,0,0,0,0,0,0,0,0,0,0,1/2025
37297,Valle de la Luz,0,0,0,0,0,0,0,0,0,0,1/2025
37660,Valle de las Flores,0,0,0,0,0,0,0,0,0,0,1/2025
37545,Valle de las Haciendas,0,0,0,0,0,0,0,0,0,0,1/2025
37209,Valle de las Toronjas,0,0,0,0,0,0,0,0,0,0,1/2025
37204,Valle de las Torres,0,0,0,0,0,0,0,0,0,0,1/2025
37140,Valle de León,0,4,0,0,2,0,0,0,0,0,1/2025
37107,Valle de Los Castillos,0,0,0,0,0,0,0,0,0,0,1/2025
37433,Valle de los Milagros,0,0,0,0,0,0,0,0,0,0,1/2025
37210,Valle de los Naranjos,0,0,0,0,0,0,0,0,0,0,1/2025
37545,Valle de Los Pinos,0,0,0,0,0,0,0,0,0,0,1/2025
37294,Valle de México,0,0,0,0,0,0,0,0,0,0,1/2025
37295,Valle de Moreno,0,0,0,0,0,0,0,0,0,0,1/2025
37210,Valle de San Bernardo,0,0,0,0,0,0,0,0,0,0,1/2025
37547,Valle de San Carlos,2,0,0,0,0,0,0,0,0,0,1/2025
37520,Valle de San Isidro,0,0,0,0,0,0,0,0,0,0,1/2025
37545,Valle de San Javier,0,0,0,0,0,0,0,0,0,0,1/2025
37549,Valle de San José,0,2,0,0,0,0,0,0,0,0,1/2025
37545,Valle de San Nicolás,0,0,0,0,0,0,0,0,0,0,1/2025
37353,Valle de San Pedro,0,0,0,0,0,0,0,0,0,0,1/2025
37687,Valle de Santa Rita,0,0,0,0,0,0,0,0,0,0,1/2025
37205,Valle de Señora,0,0,0,0,0,0,0,0,0,0,1/2025
37150,Valle del Campestre,0,8,0,0,4,0,0,0,0,0,1/2025
37299,Valle del Carmen,0,0,0,0,0,0,0,0,0,0,1/2025
37207,Valle del Consuelo,0,0,0,0,0,0,0,0,0,0,1/2025
37680,Valle del Gigante,0,0,0,0,0,0,0,0,0,0,1/2025
37545,Valle del Maguey,0,0,0,0,0,0,0,0,0,0,1/2025
37178,Valle del Moral,0,0,0,0,0,0,0,0,0,0,1/2025
37545,Valle del Real,0,0,0,0,0,0,0,0,0,0,1/2025
37544,Valle del Roble,0,0,0,0,0,0,0,0,0,0,1/2025
37427,Valle del Rocío,0,0,0,0,0,0,0,0,0,0,1/2025
37149,Valle del Sol,0,0,0,0,0,0,0,0,0,0,1/2025
37557,Valle del Sur,0,0,0,0,0,0,0,0,0,0,1/2025
37538,Valle Delta,0,4,0,0,6,0,0,0,0,0,1/2025
37358,Valle Diamante,0,0,0,0,0,0,0,0,0,0,1/2025
37545,Valle Dorado,0,0,0,0,0,0,0,0,0,0,1/2025
37108,Valle Hermoso,0,0,0,0,0,0,0,0,0,0,1/2025
37408,Valle Imperial,0,0,0,0,0,0,0,0,0,0,1/2025
37178,Valle Jacarandas,0,0,0,0,0,0,0,0,0,0,1/2025
37688,Valle Nuevo,0,0,0,0,0,0,0,0,0,0,1/2025
37440,Valle Palermo,0,0,0,0,0,0,0,0,0,0,1/2025
37260,Valtierra,0,0,0,0,0,0,0,0,0,0,1/2025
37650,Vaquerías,0,0,0,0,0,0,0,0,0,0,1/2025
37210,Vasco de Quiroga,0,0,0,0,0,0,0,0,0,0,1/2025
37288,Versalles,0,0,0,0,0,0,0,0,0,0,1/2025
37295,Vestales,0,0,0,0,0,0,0,0,0,0,1/2025
37353,Vibar,0,0,0,0,0,0,0,0,0,0,1/2025
37549,Villa de Cirella,0,0,0,0,0,0,0,0,0,0,1/2025
37207,Villa de la Rosa,0,0,0,0,0,0,0,0,0,0,1/2025
37278,Villa de las Flores,0,2,0,0,0,0,0,0,0,0,1/2025
37204,Villa de las Torres,0,0,0,0,0,0,0,0,0,0,1/2025
37544,Villa de los Ángeles,0,0,0,0,0,0,0,0,0,0,1/2025
37299,Villa Grande,0,0,0,0,0,0,0,0,0,0,1/2025
37220,Villa Insurgentes,0,0,0,0,0,0,0,0,0,0,1/2025
37100,Villa la Rioja,0,0,0,0,0,0,0,0,0,0,1/2025
37208,Villa Magna,0,0,0,0,0,0,0,0,0,0,1/2025
37295,Villa Olímpica,0,0,0,0,0,0,0,0,0,0,1/2025
37366,Villa Residencial Arbide,0,2,0,0,0,0,0,0,0,0,1/2025
37548,Villa Sur,0,0,0,0,0,0,0,0,0,0,1/2025
37544,Villa Universidad,0,2,0,0,0,0,0,0,0,0,1/2025
37288,Villa Verde,0,2,0,0,2,0,0,0,0,0,1/2025
37204,Villafranca Residencial,0,0,0,0,0,0,0,0,0,0,1/2025
37460,Villanueva,0,0,0,0,0,0,0,0,0,0,1/2025
37547,Villas Altaria,0,0,0,0,0,0,0,0,0,0,1/2025
37289,Villas Bugambilias,0,0,0,0,2,0,0,0,0,0,1/2025
37295,Villas Constelaciones,0,0,0,0,0,0,0,0,0,0,1/2025
37547,Villas de Barceló,0,0,0,0,0,0,0,0,0,0,1/2025
37100,Villas de Echeveste,0,0,0,0,0,0,0,0,0,0,1/2025
37289,Villas de Guadalupe,0,0,0,0,0,0,0,0,0,0,1/2025
37295,Villas de Guanajuato,0,0,0,0,0,0,0,0,0,0,1/2025
37357,Villas de La Joya,0,0,0,0,0,0,0,0,0,0,1/2025
37109,Villas de La Presa,0,0,0,0,0,0,0,0,0,0,1/2025
37570,Villas de León,0,0,0,0,0,0,0,0,0,0,1/2025
37295,Villas de Nuestra Señora de La Luz,0,0,0,0,0,0,0,0,0,0,1/2025
37295,Villas de Nuestra Señora de La Luz II,0,0,0,0,0,0,0,0,0,0,1/2025
37295,Villas de Nuestra Señora de La Luz III,0,0,0,0,0,0,0,0,0,0,1/2025
37358,Villas de Palermo,0,0,0,0,0,0,0,0,0,0,1/2025
37530,Villas de San Isidro,0,0,0,0,0,0,0,0,0,0,1/2025
37295,Villas de San Juan,0,6,0,0,2,0,0,0,0,0,1/2025
37294,Villas de San Nicolás,0,0,0,0,0,0,0,0,0,0,1/2025
37296,Villas de San Nicolás II,0,0,0,0,0,0,0,0,0,0,1/2025
37296,Villas de San Nicolás III,0,0,0,0,0,0,0,0,0,0,1/2025
37296,Villas de San Nicolás III Norte,0,0,0,0,0,0,0,0,0,0,1/2025
37129,Villas del Campestre,0,2,0,0,2,0,0,0,0,0,1/2025
37294,Villas del Campo Uno,0,0,0,0,0,0,0,0,0,0,1/2025
37299,Villas del Carmen,0,0,0,0,0,0,0,0,0,0,1/2025
37358,Villas del Country,0,0,0,0,0,0,0,0,0,0,1/2025
37258,Villas del Mayab,0,0,0,0,0,0,0,0,0,0,1/2025
37160,Villas del Moral,0,0,0,0,0,0,0,0,0,0,1/2025
37109,Villas del Pedregal,0,0,0,0,0,0,0,0,0,0,1/2025
37295,Villas del Rocío,0,0,0,0,0,0,0,0,0,0,1/2025
37689,Villas del Rosario,0,0,0,0,0,0,0,0,0,0,1/2025
37550,Villas Jacarandas,0,0,0,0,0,0,0,0,0,0,1/2025
37433,Villas La Gloria,0,0,0,0,0,0,0,0,0,0,1/2025
37278,Villas la Luz,0,2,0,0,2,0,0,0,0,0,1/2025
37530,Villas Mariana,0,2,0,0,2,0,0,0,0,0,1/2025
37510,Villas Pradera,0,0,0,0,0,0,0,0,0,0,1/2025
37530,Villas Santa Julia,2,2,0,0,2,0,0,0,0,0,1/2025
37530,Villas Santa Julia II Sección,0,0,0,0,0,0,0,0,0,0,1/2025
37549,Villas Santa Teresita,0,0,0,0,0,0,0,0,0,0,1/2025
37209,Vista Aero,0,0,0,0,0,0,0,0,0,0,1/2025
37357,Vista Esmeralda,0,0,0,0,0,0,0,0,0,0,1/2025
37549,Xoconoxtle,0,0,0,0,0,0,0,0,0,0,1/2025
37295,Zafiro Residencial,0,0,0,0,0,0,0,0,0,0,1/2025
37138,Zanda,0,0,0,0,0,0,0,0,0,0,1/2025
37209,Zarcihuiles,0,0,0,0,0,0,0,0,0,0,1/2025
0,Zona Foránea,0,0,0,0,0,0,0,0,0,0,1/2025
0,Zona no localizada,8,20,0,6,24,0,0,0,0,0,1/2025
